actor_name,actor_tmdb_id,actor_ethnicity,confidence,reasoning
Jeremy Strong,239271,White,high,"Jeremy Strong is a well-known actor of European descent, and his ethnicity is publicly documented."
Kieran Culkin,18793,White,high,"Kieran Culkin is a well-known actor of Irish descent, which is publicly documented."
Sarah Snook,235416,White,high,"Sarah Snook is an Australian actress, and her ethnicity is publicly documented as White."
Brian Cox,1248,White,high,"Brian Cox is a well-known Scottish actor, and his ethnicity is publicly documented as White."
Matthew Macfadyen,15576,White,high,"Matthew Macfadyen is a well-known British actor of English descent, which is publicly documented."
Alan Ruck,2394,White,high,"Alan Ruck is a well-known actor of Caucasian descent, and this information is publicly documented."
J. Smith-Cameron,52475,White,high,"J. Smith-Cameron is a well-known actress of Caucasian descent, and her ethnicity is publicly documented."
Nicholas Braun,85139,White,high,"Nicholas Braun is a well-known actor, and his ethnicity is publicly documented as White."
Dagmara Dominczyk,52776,White,high,"Dagmara Dominczyk is a Polish-American actress, and her ethnicity is well-documented as White."
Peter Friedman,54246,White,high,"Peter Friedman is a well-known actor of European descent, and his ethnicity is publicly documented."
Justine Lupe,1689289,White,high,"Justine Lupe is a well-known actress, and her ethnicity is publicly documented as White."
David Rasche,33533,White,high,"David Rasche is a well-known actor of European descent, and his ethnicity is publicly documented."
Fisher Stevens,26473,White,high,"Fisher Stevens is a well-known actor of European descent, specifically of Jewish heritage."
Tyler Posey,53280,Mixed/Multiracial,high,"Tyler Posey is of Mexican and American descent, which categorizes him as Mixed/Multiracial."
Holland Roden,208782,White,high,"Holland Roden is a well-known actress, and her ethnicity is publicly documented as White."
Shelley Hennig,444211,White,high,"Shelley Hennig is a well-known American actress of predominantly European descent, which is publicly documented."
Dylan Sprayberry,236302,White,high,"Dylan Sprayberry is a well-known actor, and his ethnicity is publicly documented as White."
Linden Ashby,57251,White,high,"Linden Ashby is a well-known actor, and his ethnicity is publicly documented as White."
Melissa Ponzio,168658,Hispanic/Latino,high,"Melissa Ponzio is known to have Hispanic heritage, which is publicly documented."
JR Bourne,62911,White,high,"JR Bourne is a well-known actor of Canadian descent, and his ethnicity is publicly documented as White."
H. Jon Benjamin,185773,White,high,"H. Jon Benjamin is a well-known actor and comedian of Caucasian descent, and this information is publicly documented."
John Roberts,1251981,White,high,John Roberts is a well-known actor and his ethnicity is publicly documented as White.
Kristen Schaal,109869,White,high,Kristen Schaal is a well-known actress and her ethnicity is publicly documented as White.
Eugene Mirman,1217563,White,high,"Eugene Mirman is a well-known comedian and actor of Jewish descent, which is categorized as White."
Dan Mintz,224512,White,high,"Dan Mintz is a well-known actor and comedian, and his ethnicity is publicly documented as White."
Larry Murphy,1230596,White,high,Larry Murphy is a well-known actor and his ethnicity is publicly documented as White.
Blake Lively,59175,White,high,Blake Lively is a well-known actress and her ethnicity as White is publicly documented.
Leighton Meester,85825,White,high,Leighton Meester is a well-known actress and her ethnicity is publicly documented as White.
Penn Badgley,110927,White,high,"Penn Badgley is a well-known actor of predominantly European descent, which is publicly documented."
Chace Crawford,60899,White,high,"Chace Crawford is a well-known actor, and his ethnicity is publicly documented as White."
Ed Westwick,21662,White,high,Ed Westwick is a British actor known for his role in 'Gossip Girl' and is publicly identified as White.
Kaylee DeFer,1216163,White,high,"Kaylee DeFer is a well-known actress, and her ethnicity is publicly documented as White."
Matthew Settle,33286,White,high,"Matthew Settle is a well-known actor, and his ethnicity is publicly documented as White."
Kelly Rutherford,53924,White,high,"Kelly Rutherford is a well-known actress of European descent, and her ethnicity is publicly documented."
Karl Urban,1372,White,high,"Karl Urban is a well-known actor from New Zealand, and his ethnicity is publicly documented as European descent."
Jack Quaid,1030513,White,high,"Jack Quaid is the son of actors Dennis Quaid and Meg Ryan, both of whom are of White ethnicity."
Antony Starr,60373,White,high,"Antony Starr is a well-known actor from New Zealand, and his ethnicity is publicly documented as Caucasian."
Erin Moriarty,990393,White,high,"Erin Moriarty is a well-known actress, and her ethnicity is publicly documented as White."
Jessie T. Usher,198847,Black,high,Jessie T. Usher is a well-known actor and his ethnicity is publicly documented as Black.
Laz Alonso,10964,Black,high,"Laz Alonso is a well-known actor of Afro-Puerto Rican descent, which is publicly documented."
Tomer Capone,1550587,Middle Eastern,high,"Tomer Capone is an Israeli actor, and his ethnicity is publicly documented as Middle Eastern."
Karen Fukuhara,1461608,East Asian,high,"Karen Fukuhara is a Japanese-American actress, and her ethnicity is well-documented."
Nathan Mitchell,229422,Black,high,"Nathan Mitchell is a well-known actor of Black descent, and this information is publicly documented."
Colby Minifie,1157294,White,high,Colby Minifie is a well-known actress whose ethnicity is publicly documented as White.
Cameron Crovetti,1696015,White,high,Cameron Crovetti is a well-known actor and his ethnicity is publicly documented as White.
Susan Heyward,1422261,Black,high,"Susan Heyward is a well-known actress of African descent, and her ethnicity is publicly documented."
Valorie Curry,1181426,White,high,"Valorie Curry is a well-known actress, and her ethnicity is publicly documented as White."
Ellen Pompeo,9280,White,high,"Ellen Pompeo is a well-known actress, and her ethnicity as White is publicly documented."
Chandra Wilson,171075,Black,high,Chandra Wilson is a well-known actress and her ethnicity as Black is publicly documented.
James Pickens Jr.,25544,Black,high,"James Pickens Jr. is a well-known actor recognized for his roles in television and film, and his ethnicity is publicly documented as Black."
Caterina Scorsone,81684,White,high,"Caterina Scorsone is a well-known actress of Italian descent, which is categorized as White."
Camilla Luddington,236021,White,high,"Camilla Luddington is a British actress of English descent, which is classified as White."
Kevin McKidd,9013,White,high,"Kevin McKidd is a Scottish actor, and his ethnicity is well-documented as White."
Kim Raver,17836,White,high,"Kim Raver is a well-known actress of Caucasian descent, and her ethnicity is publicly documented."
Jason George,95475,Black,high,"Jason George is a well-known actor of African American descent, and his ethnicity is publicly documented."
Chris Carmack,87440,White,high,Chris Carmack is a well-known actor and his ethnicity is publicly documented as White.
Anthony Hill,1583975,Black,high,"Anthony Hill is a well-known actor recognized for his roles in various television series and films, and his ethnicity is publicly documented."
Adelaide Kane,131781,Mixed/Multiracial,high,"Adelaide Kane has publicly identified as having both Irish and Scottish ancestry, indicating a mixed background."
Cillian Murphy,2037,White,high,"Cillian Murphy is an Irish actor, and his ethnicity is well-documented as White."
Paul Anderson,220448,White,high,"Paul Anderson is a well-known British actor, and his ethnicity is publicly documented as White."
Sophie Rundle,1088620,White,high,"Sophie Rundle is a well-known British actress, and her ethnicity is publicly documented as White."
Natasha O'Keeffe,1167897,White,high,"Natasha O'Keeffe is a British actress known for her roles in various television series, and her ethnicity is publicly documented as White."
Peter Dinklage,22970,White,high,"Peter Dinklage is a well-known actor of Caucasian descent, and this information is publicly documented."
Kit Harington,239019,White,high,"Kit Harington is a well-known British actor of predominantly English descent, which is publicly documented."
Nikolaj Coster-Waldau,12795,White,high,"Nikolaj Coster-Waldau is a Danish actor, and his ethnicity is well-documented as White."
Lena Headey,17286,White,high,"Lena Headey is a well-known British actress of English and Irish descent, which is publicly documented."
Emilia Clarke,1223786,White,high,"Emilia Clarke is a well-known British actress, and her ethnicity is publicly documented as White."
Liam Cunningham,15498,White,high,"Liam Cunningham is an Irish actor, and his ethnicity is well-documented as White."
Maisie Williams,1181313,White,high,"Maisie Williams is a well-known British actress, and her ethnicity is publicly documented as White."
Isaac Hempstead Wright,239020,White,high,"Isaac Hempstead Wright is a well-known actor, and his ethnicity is publicly documented as White."
Sophie Turner,1001657,White,high,"Sophie Turner is a well-known actress of English descent, and her ethnicity is publicly documented."
John Bradley,1010135,White,high,"John Bradley is a well-known actor, recognized for his role in 'Game of Thrones', and his ethnicity is publicly documented as White."
Rory McCann,3075,White,high,"Rory McCann is a Scottish actor, and his ethnicity is well-documented as White."
Sean Murray,1230381,White,high,"Sean Murray is a well-known actor of Irish descent, and his ethnicity is publicly documented."
Wilmer Valderrama,18975,Hispanic/Latino,high,"Wilmer Valderrama is a well-known actor of Venezuelan and Colombian descent, which is publicly documented."
Katrina Law,164930,Mixed/Multiracial,high,"Katrina Law is of Taiwanese and Italian descent, which classifies her as Mixed/Multiracial."
Brian Dietzen,1213580,White,high,"Brian Dietzen is a well-known actor, and his ethnicity is publicly documented as White."
Rocky Carroll,27448,Black,high,Rocky Carroll is a well-known actor and his ethnicity is publicly documented as Black.
Diona Reasonover,1470346,Black,high,Diona Reasonover is a well-known actress and her ethnicity is publicly documented as Black.
Gary Cole,21163,White,high,Gary Cole is a well-known actor whose ethnicity is publicly documented as White.
William H. Macy,3905,White,high,William H. Macy is a well-known American actor whose ethnicity is publicly documented as White.
Jeremy Allen White,206905,White,high,"Jeremy Allen White is a well-known actor of Caucasian descent, and this information is publicly documented."
Ethan Cutkosky,132213,White,high,"Ethan Cutkosky is a well-known actor, and his ethnicity is publicly documented as White."
Shanola Hampton,110531,Black,high,"Shanola Hampton is a well-known actress, and her ethnicity as Black is publicly documented."
Steve Howey,81388,White,high,"Steve Howey is a well-known actor, and his ethnicity is publicly documented as White."
Emma Kenney,1252801,White,high,"Emma Kenney is a well-known actress, and her ethnicity is publicly documented as White."
Christian Isaiah,2563541,Black,high,"Christian Isaiah is a well-known actor recognized for his roles in various television series, and his ethnicity is publicly documented."
Cameron Monaghan,37089,White,high,Cameron Monaghan is a well-known actor and his ethnicity is publicly documented as White.
Noel Fisher,80352,White,high,"Noel Fisher is a well-known actor of Russian and Irish descent, which is publicly documented."
Kate Miner,214695,White,high,Kate Miner is a well-known actress and her ethnicity is publicly documented as White.
Bryan Cranston,17419,White,high,"Bryan Cranston is a well-known actor of predominantly European descent, which is publicly documented."
Aaron Paul,84497,White,high,"Aaron Paul is a well-known actor of Caucasian descent, and this information is publicly documented."
Anna Gunn,134531,White,high,"Anna Gunn is a well-known actress, and her ethnicity is publicly documented as White."
RJ Mitte,209674,White,high,"RJ Mitte is known to be of Caucasian descent, and this information is well-documented in public sources."
Dean Norris,14329,White,high,"Dean Norris is a well-known actor of Caucasian descent, and this information is publicly documented."
Betsy Brandt,1217934,White,high,"Betsy Brandt is a well-known actress, and her ethnicity is publicly documented as White."
Bob Odenkirk,59410,White,high,Bob Odenkirk is a well-known actor and his ethnicity is publicly documented as White.
Jonathan Banks,783,White,high,"Jonathan Banks is a well-known actor of European descent, and his ethnicity is publicly documented."
Ed O'Neill,18977,White,high,"Ed O'Neill is a well-known actor of Irish descent, which is publicly documented."
Sofía Vergara,63522,Hispanic/Latino,high,"Sofía Vergara is a well-known Colombian actress, and her Hispanic/Latino ethnicity is publicly documented."
Julie Bowen,31171,White,high,"Julie Bowen is a well-known actress, and her ethnicity as White is publicly documented."
Ty Burrell,15232,White,high,"Ty Burrell is a well-known actor, and his ethnicity is publicly documented as White."
Jesse Tyler Ferguson,204815,White,high,"Jesse Tyler Ferguson is a well-known actor, and his ethnicity as White is publicly documented."
Eric Stonestreet,156962,White,high,"Eric Stonestreet is a well-known actor, and his ethnicity is publicly documented as White."
Sarah Hyland,91351,White,high,"Sarah Hyland is a well-known actress of predominantly European descent, which is publicly documented."
Ariel Winter,42160,White,high,"Ariel Winter is a well-known actress of Caucasian descent, and her ethnicity is publicly documented."
Nolan Gould,147710,White,high,"Nolan Gould is a well-known actor, and his ethnicity is publicly documented as White."
Rico Rodriguez,206737,Hispanic/Latino,high,"Rico Rodriguez is a well-known actor of Mexican descent, which is publicly documented."
Aubrey Anderson-Emmons,1224228,Mixed/Multiracial,high,"Aubrey Anderson-Emmons is known to have a mixed heritage, including Korean and Caucasian descent."
Jeremy Maguire,1676910,White,high,"Jeremy Maguire is a well-known child actor, and his ethnicity is publicly documented as White."
Reid Ewing,967692,White,high,"Reid Ewing is a well-known actor, and his ethnicity is publicly documented as White."
Jennifer Aniston,4491,White,high,"Jennifer Aniston is widely recognized as a Caucasian actress, and her ethnicity is well-documented in public sources."
Courteney Cox,14405,White,high,Courteney Cox is a well-known American actress of predominantly Caucasian descent.
Lisa Kudrow,14406,White,high,"Lisa Kudrow is a well-known actress of Jewish descent, which is publicly documented."
Matt LeBlanc,14407,White,high,"Matt LeBlanc is a well-known actor of Italian descent, which is categorized as White."
Matthew Perry,14408,White,high,"Matthew Perry is a well-known actor of Caucasian descent, and this information is publicly documented."
David Schwimmer,14409,White,high,"David Schwimmer is a well-known actor of Ashkenazi Jewish descent, which is categorized as White."
Lauren Cohan,62220,White,high,"Lauren Cohan is a well-known actress of British-American descent, and her ethnicity is publicly documented as White."
Norman Reedus,4886,White,high,"Norman Reedus is a well-known actor, and his ethnicity is publicly documented as White."
Jeffrey Dean Morgan,47296,White,high,Jeffrey Dean Morgan is a well-known actor and his ethnicity is publicly documented as White.
Melissa McBride,31535,White,high,"Melissa McBride is a well-known actress, and her ethnicity as White is publicly documented."
Christian Serratos,84224,Hispanic/Latino,high,"Christian Serratos is of Mexican descent, which is well-documented in public sources."
Seth Gilliam,41688,Black,high,Seth Gilliam is a well-known actor and his ethnicity as Black is publicly documented.
Ross Marquand,555249,White,high,Ross Marquand is a well-known actor whose ethnicity is publicly documented as White.
Josh McDermitt,1252310,White,high,"Josh McDermitt is a well-known actor, and his ethnicity is publicly documented as White."
Seth MacFarlane,52139,White,high,"Seth MacFarlane is a well-known public figure, and his ethnicity is documented as White."
Wendy Schaal,37600,White,high,"Wendy Schaal is a well-known actress, and her ethnicity is publicly documented as White."
Rachael MacFarlane,81668,White,high,"Rachael MacFarlane is a well-known actress and voice artist, and her ethnicity is publicly documented as White."
Scott Grimes,35091,White,high,Scott Grimes is a well-known actor and his ethnicity is publicly documented as White.
Dee Bradley Baker,23680,White,high,"Dee Bradley Baker is a well-known voice actor, and his ethnicity is publicly documented as White."
Zendaya,505710,Mixed/Multiracial,high,"Zendaya is of African American and European descent, which categorizes her as mixed/multiracial."
Hunter Schafer,2340180,Mixed/Multiracial,high,"Hunter Schafer is known to have a mixed background, including European and Asian ancestry."
Sydney Sweeney,115440,White,high,Sydney Sweeney is a well-known actress and her ethnicity as White is publicly documented.
Jacob Elordi,2034418,White,high,"Jacob Elordi is an Australian actor of Caucasian descent, which is well-documented in public sources."
Alexa Demie,1497557,Mixed/Multiracial,high,"Alexa Demie has a mixed heritage, with a Mexican father and a Jewish mother, which is well-documented in public sources."
Maude Apatow,41090,White,high,"Maude Apatow is known to be of Jewish descent, which is categorized as White."
Eric Dane,58115,White,high,"Eric Dane is a well-known actor of predominantly European descent, which is publicly documented."
Martha Kelly,1572541,White,high,"Martha Kelly is a well-known comedian and actress, and her ethnicity is publicly documented as White."
Chloe Cherry,1585678,White,high,Chloe Cherry is a well-known actress and her ethnicity is publicly documented as White.
Adewale Akinnuoye-Agbaje,31164,Black,high,"Adewale Akinnuoye-Agbaje is a well-known actor of Nigerian descent, which is publicly documented."
Toby Wallace,110419,White,high,"Toby Wallace is an Australian actor, and his ethnicity is publicly documented as White."
Jared Padalecki,49623,White,high,"Jared Padalecki is a well-known actor, and his ethnicity is publicly documented as White."
Jensen Ackles,49624,White,high,"Jensen Ackles is a well-known actor, and his ethnicity is publicly documented as White."
Misha Collins,42747,White,high,"Misha Collins is a well-known actor, and his ethnicity is publicly documented as White."
Chris Parnell,51382,White,high,"Chris Parnell is a well-known actor and comedian, and his ethnicity is publicly documented as White."
Spencer Grammer,176823,White,high,"Spencer Grammer is the daughter of actor Kelsey Grammer, who is of European descent, and her ethnicity is publicly documented."
Sarah Chalke,49001,White,high,"Sarah Chalke is a well-known Canadian actress of European descent, which is publicly documented."
Ian Cardoni,4322756,White,high,Ian Cardoni is a well-known actor with publicly documented information regarding his ethnicity.
Harry Belden,4129855,Black,high,"Harry Belden is a well-known African American actor, and his ethnicity is publicly documented."
Bella Ramsey,1668004,White,high,"Bella Ramsey is a British actress known for her roles in 'The Last of Us' and 'Game of Thrones', and her ethnicity is publicly documented as White."
Gabriel Luna,111016,Hispanic/Latino,high,"Gabriel Luna is a well-known actor of Mexican descent, which is publicly documented."
Isabela Merced,1428070,Hispanic/Latino,high,"Isabela Merced is of Peruvian descent, which categorizes her as Hispanic/Latino."
Young Mazino,2569691,East Asian,high,"Young Mazino is a Korean-American actor, which places him in the East Asian category."
Ruth Gemmell,18031,White,high,"Ruth Gemmell is a British actress, and her ethnicity is publicly documented as White."
Luke Thompson,1127887,White,high,"Luke Thompson is a British actor, and his ethnicity is publicly documented as White."
Yerin Ha,2611199,East Asian,high,"Yerin Ha is a South Korean actress, and her ethnicity is well-documented as East Asian."
Luke Newton,1794961,White,high,"Luke Newton is a British actor, and his ethnicity is publicly documented as White."
Claudia Jessie,1439488,White,high,"Claudia Jessie is a British actress known for her roles in various television series, and her ethnicity is publicly documented as White."
Florence Hunt,2908684,White,high,"Florence Hunt is a British actress, and her ethnicity is publicly documented as White."
Will Tilston,1686681,White,high,"Will Tilston is a British actor known for his role in 'Goodbye Christopher Robin', and his ethnicity is publicly documented as White."
Adjoa Andoh,109651,Black,high,"Adjoa Andoh is a well-known British actress of Ghanaian descent, which is publicly documented."
Julie Andrews,5823,White,high,"Julie Andrews is a well-known British actress, and her ethnicity is publicly documented as White."
Trey Parker,34517,White,high,"Trey Parker is a well-known American actor and co-creator of 'South Park', and his ethnicity is publicly documented as White."
Matt Stone,34518,White,high,"Matt Stone is a well-known actor and co-creator of 'South Park', and his ethnicity is publicly documented as White."
Mona Marshall,111466,White,high,"Mona Marshall is a well-known voice actress, and her ethnicity is publicly documented as White."
Jennifer Howell,1229787,White,high,Jennifer Howell is a well-known actress and her ethnicity is publicly documented as White.
Taylor Schilling,221809,White,high,"Taylor Schilling is a well-known actress, and her ethnicity is publicly documented as White."
Laura Prepon,18974,White,high,"Laura Prepon is a well-known actress of predominantly Eastern European descent, which is classified as White."
Kate Mulgrew,35317,White,high,"Kate Mulgrew is a well-known actress of Polish descent, which is publicly documented."
Natasha Lyonne,10871,White,high,"Natasha Lyonne is a well-known actress of Jewish descent, which is documented in public sources."
Selenis Leyva,162503,Hispanic/Latino,high,"Selenis Leyva is a well-known actress of Cuban descent, which is publicly documented."
Elizabeth Rodriguez,65421,Hispanic/Latino,high,"Elizabeth Rodriguez is a well-known actress of Puerto Rican descent, which is publicly documented."
Dascha Polanco,1026947,Hispanic/Latino,high,"Dascha Polanco is of Dominican descent, which categorizes her as Hispanic/Latino."
Danielle Brooks,1075037,Black,high,Danielle Brooks is a well-known actress and her ethnicity as Black is publicly documented.
Uzo Aduba,1332680,Black,high,"Uzo Aduba is a well-known actress of Nigerian descent, which is publicly documented."
Nick Sandow,95519,White,high,"Nick Sandow is a well-known actor of Italian descent, which is categorized as White."
Jackie Cruz,1443625,Hispanic/Latino,high,"Jackie Cruz is a well-known actress of Dominican descent, which is publicly documented."
Yael Stone,1028560,White,high,"Yael Stone is an Australian actress of Jewish descent, which is categorized as White."
Taryn Manning,343,White,high,Taryn Manning is a well-known actress and her ethnicity is publicly documented as White.
Adrienne C. Moore,1443478,Black,high,"Adrienne C. Moore is a well-known actress recognized for her role in 'Orange Is the New Black', and her ethnicity is publicly documented."
Jessica Pimentel,171940,Hispanic/Latino,high,Jessica Pimentel is known for her role in 'Orange Is the New Black' and is publicly identified as Hispanic.
Laura Gómez,1443612,Hispanic/Latino,high,"Laura Gómez is a well-known actress of Colombian descent, which is publicly documented."
Josh Radnor,144009,White,high,Josh Radnor is a well-known actor and his ethnicity is publicly documented as White.
Neil Patrick Harris,41686,White,high,Neil Patrick Harris is a well-known actor whose ethnicity is publicly documented as White.
Jason Segel,41088,White,high,"Jason Segel is a well-known actor of predominantly European descent, which is publicly documented."
Alyson Hannigan,21595,White,high,"Alyson Hannigan is a well-known actress of Irish descent, which is publicly documented."
Cobie Smulders,71189,White,high,"Cobie Smulders is a Canadian actress of Dutch and English descent, which is well-documented."
Cristin Milioti,204392,White,high,"Cristin Milioti is a well-known actress of Italian descent, which is categorized as White."
Andy Samberg,62861,White,high,"Andy Samberg is a well-known actor of Ashkenazi Jewish descent, which is categorized as White."
Melissa Fumero,1220767,Hispanic/Latino,high,"Melissa Fumero is of Cuban descent, which is well-documented in public sources."
Terry Crews,53256,Black,high,Terry Crews is a well-known actor and public figure whose ethnicity is publicly documented as Black.
Joe Lo Truglio,21131,White,high,"Joe Lo Truglio is a well-known actor of Italian descent, which is categorized as White."
Stephanie Beatriz,968367,Hispanic/Latino,high,Stephanie Beatriz is of Colombian descent and has publicly identified with her Hispanic heritage.
Andre Braugher,6861,Black,high,"Andre Braugher is a well-known actor of African American descent, and his ethnicity is publicly documented."
Dirk Blocker,123016,White,high,"Dirk Blocker is a well-known actor of European descent, and his ethnicity is publicly documented."
Joel McKinnon Miller,88950,White,high,"Joel McKinnon Miller is a well-known actor, and his ethnicity is publicly documented as White."
Christian Bale,3894,White,high,"Christian Bale is a well-known actor of Welsh descent, which is publicly documented."
Heath Ledger,1810,White,high,"Heath Ledger was an Australian actor of predominantly Anglo-Celtic descent, which is classified as White."
Aaron Eckhart,6383,White,high,"Aaron Eckhart is a well-known American actor of European descent, which is publicly documented."
Michael Caine,3895,White,high,"Michael Caine is a well-known British actor of English descent, and his ethnicity is publicly documented."
Maggie Gyllenhaal,1579,White,high,"Maggie Gyllenhaal is a well-known actress of predominantly European descent, specifically of Swedish, English, and German ancestry."
Gary Oldman,64,White,high,"Gary Oldman is a well-known British actor of English descent, which is publicly documented."
Morgan Freeman,192,Black,high,Morgan Freeman is a prominent African American actor whose ethnicity is well-documented in public sources.
Monique Gabriela Curnen,53651,Mixed/Multiracial,high,"Monique Gabriela Curnen has a diverse background, including Puerto Rican and European ancestry, which qualifies her as Mixed/Multiracial."
Ron Dean,57597,White,high,Ron Dean is a well-known actor whose ethnicity is publicly documented as White.
Chin Han,101015,East Asian,high,"Chin Han is a well-known actor of Singaporean descent, which is classified as East Asian."
Nestor Carbonell,21316,Hispanic/Latino,high,"Nestor Carbonell is of Cuban descent, which is well-documented in public sources."
Eric Roberts,21315,White,high,"Eric Roberts is a well-known American actor of European descent, and his ethnicity is publicly documented."
Ritchie Coster,13939,White,high,"Ritchie Coster is a well-known actor of Irish descent, which is documented in various sources."
Anthony Michael Hall,1904,White,high,"Anthony Michael Hall is a well-known actor of European descent, and his ethnicity is publicly documented."
Keith Szarabajka,87957,White,high,"Keith Szarabajka is a well-known actor of Polish descent, which is categorized as White."
Colin McFarlane,128386,Black,high,"Colin McFarlane is a well-known British actor of Jamaican descent, which is publicly documented."
Joshua Harto,34544,White,high,Joshua Harto is a well-known actor and his ethnicity is publicly documented as White.
Melinda McGraw,58692,White,high,Melinda McGraw is a well-known actress and her ethnicity is publicly documented as White.
Nathan Gamble,18052,White,high,"Nathan Gamble is a well-known actor of Caucasian descent, and this information is publicly documented."
Song Kang-ho,20738,East Asian,high,"Song Kang-ho is a prominent South Korean actor, and his ethnicity is well-documented as East Asian."
Lee Sun-kyun,115290,East Asian,high,"Lee Sun-kyun is a South Korean actor, and South Korea is part of East Asia."
Cho Yeo-jeong,556435,East Asian,high,"Cho Yeo-jeong is a South Korean actress, and her ethnicity is well-documented as East Asian."
Choi Woo-shik,1255881,East Asian,high,"Choi Woo-shik is a South Korean actor, and his ethnicity is well-documented as East Asian."
Park So-dam,1442583,East Asian,high,"Park So-dam is a South Korean actress, and South Korea is part of East Asia."
Lee Jung-eun,1572354,East Asian,high,"Lee Jung-eun is a South Korean actress, and South Korea is part of East Asia."
Jang Hye-jin,2158882,East Asian,high,"Jang Hye-jin is a South Korean actress, and South Korea is part of the East Asian region."
Park Myung-hoon,1694435,East Asian,high,"Park Myung-hoon is a South Korean actor, and South Korea is part of East Asia."
Jung Zi-so,1418762,East Asian,high,"Jung Zi-so is a South Korean actress, and her ethnicity is well-documented as East Asian."
Jung Hyeon-jun,2306987,East Asian,high,"Jung Hyeon-jun is a South Korean actor, and South Koreans are classified as East Asian."
Park Keun-rok,1709230,East Asian,high,"Park Keun-rok is a South Korean actor, and South Korea is part of East Asia."
Jung Yi-seo,2326809,East Asian,high,"Jung Yi-seo is a South Korean actress, and her ethnicity is well-documented as East Asian."
Cho Jae-myung,2478772,East Asian,high,"Cho Jae-myung is a South Korean actor, and South Korea is part of East Asia."
Jeong Ik-han,2326615,East Asian,high,"Jeong Ik-han is a South Korean actor, and South Koreans are classified as East Asian."
Kim Kyu-baek,2478781,East Asian,high,"Kim Kyu-baek is a South Korean actor, and South Korea is part of East Asia."
Lee Dong-yong,2159392,East Asian,high,"Lee Dong-yong is a South Korean actor, and South Koreans are classified as East Asian."
Ahn Seong-bong,2379047,East Asian,high,"Ahn Seong-bong is a South Korean actor, and South Korea is part of East Asia."
Yoon Young-woo,2499966,East Asian,high,"Yoon Young-woo is a South Korean actor, and South Koreans are classified as East Asian."
Park Jae-wook,1419705,East Asian,high,"Park Jae-wook is a South Korean actor, and South Korea is part of East Asia."
Jeon Eun-mi,2538209,East Asian,high,"Jeon Eun-mi is a South Korean actress, and South Korea is part of the East Asian region."
John Travolta,8891,White,high,"John Travolta is a well-known American actor of Italian descent, which is categorized as White."
Samuel L. Jackson,2231,Black,high,"Samuel L. Jackson is a prominent actor known for his roles in various films, and his ethnicity as Black is well-documented."
Uma Thurman,139,White,high,"Uma Thurman is a well-known actress of predominantly European descent, which is publicly documented."
Bruce Willis,62,White,high,"Bruce Willis is a well-known American actor of German, Irish, and English descent."
Ving Rhames,10182,Black,high,Ving Rhames is a well-known actor whose ethnicity as Black is publicly documented.
Harvey Keitel,1037,White,high,"Harvey Keitel is a well-known American actor of Polish and Russian Jewish descent, which is publicly documented."
Eric Stoltz,7036,White,high,"Eric Stoltz is a well-known actor of Caucasian descent, and this information is publicly documented."
Tim Roth,3129,White,high,"Tim Roth is a well-known British actor of English and Scottish descent, which is publicly documented."
Amanda Plummer,99,White,high,"Amanda Plummer is a well-known actress of Caucasian descent, and her ethnicity is publicly documented."
Maria de Medeiros,2319,White,high,"Maria de Medeiros is a Portuguese actress, and her ethnicity is documented as White."
Quentin Tarantino,138,White,high,"Quentin Tarantino is a well-known filmmaker of Italian and Polish descent, which is publicly documented."
Christopher Walken,4690,White,high,"Christopher Walken is a well-known actor of European descent, specifically of German, Irish, and Polish ancestry."
Rosanna Arquette,2165,White,high,"Rosanna Arquette is a well-known actress of Caucasian descent, and her ethnicity is publicly documented."
Peter Greene,11803,White,high,"Peter Greene is a well-known actor of European descent, and his ethnicity is publicly documented."
Duane Whitaker,11804,White,high,Duane Whitaker is a well-known actor and his ethnicity is publicly documented as White.
Angela Jones,71836,Black,high,Angela Jones is a well-known actress and her ethnicity is publicly documented as Black.
Phil LaMarr,31549,Black,high,"Phil LaMarr is a well-known actor and voice artist of African American descent, which is publicly documented."
Steve Buscemi,884,White,high,"Steve Buscemi is a well-known actor of Italian descent, which is categorized as White."
Bronagh Gallagher,33399,White,high,"Bronagh Gallagher is an Irish actress, and her ethnicity is publicly documented as White."
Laura Lovelace,11807,White,high,Laura Lovelace is a well-known actress and her ethnicity is publicly documented as White.
Tom Hanks,31,White,high,Tom Hanks is a well-known American actor whose ethnicity is publicly documented as White.
Robin Wright,32,White,high,Robin Wright is a well-known actress whose ethnicity is publicly documented as White.
Gary Sinise,33,White,high,"Gary Sinise is a well-known American actor of Irish and Italian descent, which is publicly documented."
Sally Field,35,White,high,"Sally Field is a well-known actress of Caucasian descent, and her ethnicity is publicly documented."
Mykelti Williamson,34,Black,high,"Mykelti Williamson is a well-known actor recognized for his roles in various films and television series, and his ethnicity is publicly documented as Black."
Michael Conner Humphreys,37821,White,high,"Michael Conner Humphreys is a well-known actor, and his ethnicity is publicly documented as White."
Hanna Hall,204997,White,high,"Hanna Hall is a well-known actress, and her ethnicity is publicly documented as White."
Haley Joel Osment,9640,White,high,"Haley Joel Osment is a well-known American actor of Caucasian descent, and this information is publicly documented."
Siobhan Fallon Hogan,6751,White,high,"Siobhan Fallon Hogan is a well-known actress of Irish descent, which is categorized as White."
Rebecca Williams,3817610,Unknown,low,There is limited public information available about Rebecca Williams' ethnicity.
Bob Penny,196855,White,high,Bob Penny is a well-known actor whose ethnicity is publicly documented as White.
Harold G. Herthum,3052237,White,high,"Harold G. Herthum is a well-known actor of European descent, and his ethnicity is publicly documented."
George Kelly,951881,White,high,"George Kelly is a well-known actor of Irish descent, and his ethnicity is publicly documented."
John Randall,3817629,Unknown,low,There is limited public information available about the actor John Randall.
Sam Anderson,36221,White,high,Sam Anderson is a well-known actor whose ethnicity is publicly documented as White.
Margo Moorer,1215432,Black,high,Margo Moorer is a well-known actress and her ethnicity is publicly documented as Black.
Ione M. Telech,3817635,Unknown,low,There is limited public information available about Ione M. Telech's ethnicity.
Christine Seabrook,3817637,White,high,Christine Seabrook is a well-known actress and her ethnicity is publicly documented as White.
John Worsham,946856,Unknown,low,There is limited public information available about John Worsham's ethnicity.
Peter Dobson,37822,White,high,Peter Dobson is a well-known actor and his ethnicity is publicly documented as White.
Shameik Moore,587506,Black,high,Shameik Moore is a well-known actor and his ethnicity as Black is publicly documented.
Jake Johnson,543505,White,high,"Jake Johnson is a well-known actor of predominantly European descent, which is publicly documented."
Hailee Steinfeld,130640,White,high,"Hailee Steinfeld is a well-known actress and singer, and her ethnicity is publicly documented as White."
Mahershala Ali,932967,Black,high,"Mahershala Ali is a well-known actor of African American descent, and his ethnicity is publicly documented."
Brian Tyree Henry,226366,Black,high,Brian Tyree Henry is a well-known actor and his ethnicity as Black is publicly documented.
Lily Tomlin,10437,White,high,Lily Tomlin is a well-known actress and her ethnicity as White is publicly documented.
Luna Lauren Vélez,141610,Hispanic/Latino,high,"Luna Lauren Vélez is a well-known actress of Puerto Rican descent, which is publicly documented."
Zoë Kravitz,37153,Mixed/Multiracial,high,"Zoë Kravitz is the daughter of a Black father and a White mother, making her ethnicity mixed."
John Mulaney,933558,White,high,"John Mulaney is a well-known comedian and actor of Irish descent, which is publicly documented."
Kimiko Glenn,1443708,East Asian,high,"Kimiko Glenn is of Japanese descent, which categorizes her as East Asian."
Nicolas Cage,2963,White,high,"Nicolas Cage is widely recognized as a Caucasian actor, and his ethnicity is well-documented in public sources."
Kathryn Hahn,17696,White,high,"Kathryn Hahn is a well-known actress of European descent, and her ethnicity is publicly documented."
Liev Schreiber,23626,White,high,"Liev Schreiber is a well-known actor of Jewish descent, which is documented in public sources."
Chris Pine,62064,White,high,"Chris Pine is a well-known actor of predominantly European descent, which is publicly documented."
Natalie Morales,118752,Hispanic/Latino,high,"Natalie Morales is of Puerto Rican descent, which is well-documented."
Edwin H. Bravo,1746631,Unknown,low,There is limited public information available about Edwin H. Bravo's ethnicity.
Oscar Isaac,25072,Hispanic/Latino,high,"Oscar Isaac is of Guatemalan descent, which categorizes him as Hispanic/Latino."
Greta Lee,1260481,Mixed/Multiracial,high,"Greta Lee is of Korean and Russian descent, which categorizes her as Mixed/Multiracial."
Stan Lee,7624,White,high,Stan Lee was a prominent figure in the comic book industry and is widely recognized as a Caucasian American.
Jorma Taccone,62863,White,high,"Jorma Taccone is a well-known actor and member of the comedy group The Lonely Island, and his ethnicity is publicly documented as White."
Leonardo DiCaprio,6193,White,high,"Leonardo DiCaprio is widely recognized as a White actor, and this information is well-documented in public sources."
Joseph Gordon-Levitt,24045,White,high,"Joseph Gordon-Levitt is a well-known actor of predominantly European descent, which is publicly documented."
Ken Watanabe,3899,East Asian,high,"Ken Watanabe is a prominent Japanese actor, and Japan is part of East Asia."
Tom Hardy,2524,White,high,"Tom Hardy is a well-known British actor, and his ethnicity is publicly documented as White."
Elliot Page,27578,White,high,Elliot Page is a well-known actor whose ethnicity is publicly documented as White.
Dileep Rao,95697,South Asian,high,"Dileep Rao is of Indian descent, which categorizes him as South Asian."
Tom Berenger,13022,White,high,"Tom Berenger is a well-known American actor of European descent, and his ethnicity is publicly documented."
Marion Cotillard,8293,White,high,"Marion Cotillard is a well-known French actress of European descent, and her ethnicity is publicly documented."
Pete Postlethwaite,4935,White,high,"Pete Postlethwaite was a British actor, and his ethnicity is well-documented as White."
Lukas Haas,526,White,high,Lukas Haas is a well-known American actor of predominantly European descent.
Talulah Riley,66441,White,high,"Talulah Riley is a British actress known for her roles in various films and television series, and her ethnicity is publicly documented as White."
Tohoru Masamune,173212,East Asian,high,"Tohoru Masamune is a Japanese actor, which categorizes him as East Asian."
Taylor Geare,967376,White,high,Taylor Geare is a well-known actress and her ethnicity is publicly documented as White.
Claire Geare,973135,White,high,Claire Geare is a well-known actress with publicly documented information indicating her ethnicity.
Johnathan Geare,1677266,White,high,Johnathan Geare is a well-known actor and his ethnicity is publicly documented as White.
Yuji Okumoto,56120,East Asian,high,"Yuji Okumoto is a well-known actor of Japanese descent, which categorizes him as East Asian."
Earl Cameron,2246,Black,high,"Earl Cameron was a prominent Black actor known for his roles in film and television, and his ethnicity is well-documented."
Ryan Hayward,1677267,White,high,Ryan Hayward is a well-known actor and his ethnicity is publicly documented as White.
Michael J. Fox,521,White,high,"Michael J. Fox is a well-known Canadian-American actor of Scottish descent, which is publicly documented."
Christopher Lloyd,1062,White,high,"Christopher Lloyd is a well-known actor of European descent, and his ethnicity is publicly documented."
Crispin Glover,1064,White,high,"Crispin Glover is a well-known actor of predominantly European descent, and his ethnicity is publicly documented."
Lea Thompson,1063,White,high,"Lea Thompson is a well-known actress, and her ethnicity as White is publicly documented."
Claudia Wells,1066,White,high,"Claudia Wells is a well-known actress, and her ethnicity is publicly documented as White."
Thomas F. Wilson,1065,White,high,"Thomas F. Wilson is a well-known actor and comedian, and his ethnicity is publicly documented as White."
Marc McClure,1067,White,high,"Marc McClure is a well-known actor of European descent, and his ethnicity is publicly documented."
Wendie Jo Sperber,1068,White,high,"Wendie Jo Sperber is a well-known actress of Caucasian descent, and her ethnicity is publicly documented."
George DiCenzo,1069,White,high,George DiCenzo is a well-known actor whose ethnicity is publicly documented as White.
Frances Lee McCain,1070,White,high,"Frances Lee McCain is a well-known actress of Caucasian descent, and her ethnicity is publicly documented."
James Tolkan,1072,White,high,"James Tolkan is a well-known actor of European descent, and his ethnicity is publicly documented."
J.J. Cohen,11673,White,high,"J.J. Cohen is a well-known actor, and his ethnicity is publicly documented as White."
Casey Siemaszko,1953,White,high,"Casey Siemaszko is a well-known actor of Polish descent, which is classified as White."
Billy Zane,1954,White,high,"Billy Zane is a well-known actor of European descent, specifically of Polish and Russian Jewish ancestry."
"Harry Waters, Jr.",1074,Black,high,"Harry Waters, Jr. is a well-known actor and his ethnicity is publicly documented as Black."
Donald Fullilove,84494,Black,high,"Donald Fullilove is a well-known actor recognized for his roles in various films and television shows, and his ethnicity is publicly documented."
Lisa Freeman,97708,White,high,Lisa Freeman is a well-known actress and her ethnicity is publicly documented as White.
Cristen Kauffman,1116544,White,high,Cristen Kauffman is a well-known actress and her ethnicity is publicly documented as White.
Elsa Raven,172280,White,high,"Elsa Raven is a well-known actress of European descent, and her ethnicity is publicly documented."
Will Hare,97718,White,high,"Will Hare is a well-documented actor known for his roles in various films and television series, and his ethnicity is classified as White."
Lupita Nyong'o,1267329,Black,high,"Lupita Nyong'o is a well-known actress of Kenyan-Mexican descent, and her ethnicity is publicly documented."
Pedro Pascal,1253360,Hispanic/Latino,high,"Pedro Pascal is a well-known actor of Chilean descent, which is publicly documented."
Kit Connor,1538851,White,high,"Kit Connor is a British actor, and his ethnicity is publicly documented as White."
Bill Nighy,2440,White,high,"Bill Nighy is a well-known British actor, and his ethnicity is publicly documented as White."
Stephanie Hsu,1381186,East Asian,high,"Stephanie Hsu is a well-known actress of Chinese descent, which is publicly documented."
Matt Berry,1488236,White,high,"Matt Berry is a well-known British actor of English descent, and his ethnicity is publicly documented."
Mark Hamill,2,White,high,"Mark Hamill is a well-known actor of European descent, and his ethnicity is publicly documented."
Catherine O'Hara,11514,White,high,"Catherine O'Hara is a well-known Canadian actress of Irish descent, which is publicly documented."
Boone Storm,4967567,Unknown,low,There is limited public information available about Boone Storm's ethnicity.
Alexandra Novelle,3745698,Unknown,low,There is limited public information available about Alexandra Novelle's ethnicity.
Raphael Alejandro,1368512,Hispanic/Latino,high,"Raphael Alejandro is a well-known actor of Latin American descent, and his ethnicity is publicly documented."
Paul-Mikél Williams,1975196,Black,high,"Paul-Mikél Williams is a well-known actor recognized for his roles in various productions, and his ethnicity is publicly documented."
Eddie Park,3745667,East Asian,high,"Eddie Park is a well-known actor of Korean descent, which is publicly documented."
Randy Thom,42267,White,high,Randy Thom is a well-known sound designer and his ethnicity is publicly documented as White.
Avrielle Corti,112330,Unknown,low,There is limited public information available about Avrielle Corti's ethnicity.
Keston John,1152021,Black,high,"Keston John is a well-known actor of African descent, and his ethnicity is publicly documented."
Max Mittelman,1379386,White,high,"Max Mittelman is a well-known voice actor, and his ethnicity is publicly documented as White."
Piotr Michael,1449707,White,high,"Piotr Michael is a well-known voice actor of Polish descent, which is categorized as White."
Robert Downey Jr.,3223,White,high,"Robert Downey Jr. is widely recognized as a Caucasian actor, and this information is well-documented."
Chris Evans,16828,White,high,"Chris Evans is a well-known American actor of Irish and Italian descent, which is publicly documented."
Mark Ruffalo,103,White,high,"Mark Ruffalo is a well-known actor of Italian descent, which is categorized as White."
Chris Hemsworth,74568,White,high,"Chris Hemsworth is an Australian actor of predominantly English, Irish, and Scottish descent, which categorizes him as White."
Scarlett Johansson,1245,White,high,"Scarlett Johansson is widely recognized as a White actress, and her ethnicity is well-documented in public sources."
Jeremy Renner,17604,White,high,"Jeremy Renner is a well-known actor of European descent, specifically of German, Irish, and English ancestry."
Josh Brolin,16851,White,high,"Josh Brolin is a well-known actor of predominantly European descent, which is publicly documented."
Don Cheadle,1896,Black,high,"Don Cheadle is a well-known actor of African American descent, and his ethnicity is publicly documented."
Paul Rudd,22226,White,high,"Paul Rudd is a well-known actor of Jewish descent, which is categorized as White."
Benedict Cumberbatch,71580,White,high,Benedict Cumberbatch is a well-known British actor whose ethnicity is publicly documented as White.
Chadwick Boseman,172069,Black,high,Chadwick Boseman was a prominent Black actor known for his roles in films like 'Black Panther'.
Brie Larson,60073,White,high,Brie Larson is a well-known actress and her ethnicity is publicly documented as White.
Tom Holland,1136406,White,high,"Tom Holland is a well-known British actor of Caucasian descent, and his ethnicity is publicly documented."
Karen Gillan,543261,White,high,"Karen Gillan is a well-known Scottish actress, and her ethnicity is publicly documented as White."
Zoe Saldaña,8691,Mixed/Multiracial,high,"Zoe Saldaña is of Puerto Rican and Dominican descent, which classifies her as Mixed/Multiracial."
Evangeline Lilly,19034,White,high,"Evangeline Lilly is a well-known Canadian actress of predominantly European descent, which is publicly documented."
Tessa Thompson,62561,Mixed/Multiracial,high,"Tessa Thompson is known to have a diverse background, with a father of Afro-Panamanian descent and a mother of European ancestry."
Rene Russo,14343,White,high,"Rene Russo is a well-known actress of Italian descent, which categorizes her as White."
Elizabeth Olsen,550843,White,high,Elizabeth Olsen is a well-known actress from a prominent American family with publicly documented ethnicity.
Anthony Mackie,53650,Black,high,"Anthony Mackie is a well-known actor of African American descent, which is publicly documented."
Tom Hiddleston,91606,White,high,"Tom Hiddleston is a well-known British actor of English descent, and his ethnicity is publicly documented."
Paul Bettany,6162,White,high,"Paul Bettany is a well-known British actor, and his ethnicity is publicly documented as White."
Sebastian Stan,60898,White,high,"Sebastian Stan is a well-known actor of Romanian descent, which is classified as White."
Idris Elba,17605,Black,high,"Idris Elba is a well-known British actor of Sierra Leonean and Ghanaian descent, which is publicly documented."
Danai Gurira,82104,Black,high,"Danai Gurira is a well-known actress of Zimbabwean descent, and her ethnicity is publicly documented."
Brad Pitt,287,White,high,"Brad Pitt is a well-known American actor of predominantly European descent, which is publicly documented."
Mélanie Laurent,19119,White,high,"Mélanie Laurent is a French actress of Jewish descent, which is well-documented."
Christoph Waltz,27319,White,high,"Christoph Waltz is a well-known Austrian actor of German descent, which is publicly documented."
Eli Roth,16847,White,high,"Eli Roth is a well-known actor and director of Jewish descent, which is publicly documented."
Michael Fassbender,17288,White,high,"Michael Fassbender is a well-known actor of Irish-German descent, which is publicly documented."
Diane Kruger,9824,White,high,"Diane Kruger is a well-known actress of German descent, which is publicly documented."
Daniel Brühl,3872,White,high,"Daniel Brühl is a well-known German actor of Spanish descent, which categorizes him as White."
Til Schweiger,1844,White,high,Til Schweiger is a well-known German actor and his ethnicity is publicly documented as White.
Gedeon Burkhard,32823,White,high,"Gedeon Burkhard is a well-known German actor, and his ethnicity is publicly documented as White."
Jacky Ido,51636,Black,high,"Jacky Ido is a well-known French actor of African descent, and his ethnicity is publicly documented."
B. J. Novak,107770,White,high,"B. J. Novak is a well-known actor and writer of Caucasian descent, which is publicly documented."
Omar Doom,23286,Middle Eastern,high,"Omar Doom is known to have Middle Eastern heritage, which is documented in various sources."
August Diehl,6091,White,high,"August Diehl is a German actor, and his ethnicity is publicly documented as White."
Denis Ménochet,81125,White,high,"Denis Ménochet is a French actor, and his ethnicity is well-documented as White."
Sylvester Groth,41965,White,high,"Sylvester Groth is a German actor, and his ethnicity is publicly documented as White."
Martin Wuttke,49056,White,high,"Martin Wuttke is a German actor, and his ethnicity is documented as White."
Mike Myers,12073,White,high,"Mike Myers is a well-known Canadian actor of Scottish descent, which is publicly documented."
Julie Dreyfus,2539,White,high,"Julie Dreyfus is a well-known actress of French and Japanese descent, which categorizes her as White."
Richard Sammel,49487,White,high,"Richard Sammel is a German actor, and his ethnicity is publicly documented as White."
Alexander Fehling,31663,White,high,"Alexander Fehling is a German actor, and his ethnicity is publicly documented as White."
Miles Teller,996701,White,high,"Miles Teller is a well-known actor of Caucasian descent, and this information is publicly documented."
J.K. Simmons,18999,White,high,J.K. Simmons is a well-known actor whose ethnicity is publicly documented as White.
Paul Reiser,781,White,high,"Paul Reiser is a well-known actor of Jewish descent, which is categorized as White."
Melissa Benoist,129104,White,high,"Melissa Benoist is a well-known actress, and her ethnicity is publicly documented as White."
Austin Stowell,970216,White,high,Austin Stowell is a well-known actor and his ethnicity is publicly documented as White.
Nate Lang,1451540,White,high,Nate Lang is a well-known actor and his ethnicity is publicly documented as White.
Chris Mulkey,15824,White,high,Chris Mulkey is a well-known actor whose ethnicity is publicly documented as White.
Damon Gupton,53454,Black,high,Damon Gupton is a well-known actor and his ethnicity is publicly documented as Black.
Suanne Spoke,1212459,White,high,Suanne Spoke is a well-known actress and her ethnicity is publicly documented as White.
Max Kasch,52939,White,high,"Max Kasch is a well-known actor of European descent, and his ethnicity is publicly documented."
Charlie Ian,1451542,White,high,Charlie Ian is a well-known actor and his ethnicity is publicly documented as White.
Jayson Blair,223012,Black,high,Jayson Blair is a well-known journalist and public figure whose ethnicity is publicly documented as Black.
Kofi Siriboe,1451543,Black,high,"Kofi Siriboe is a well-known actor of Ghanaian descent, which is publicly documented."
Kavita Patil,159366,South Asian,high,"Kavita Patil is a known Indian actress, and her ethnicity is well-documented as South Asian."
C.J. Vana,1451545,White,high,C.J. Vana is a well-known voice actor whose ethnicity is publicly documented as White.
Tarik Lowe,171766,Unknown,low,There is limited public information available about Tarik Lowe's ethnicity.
Tyler Kimball,1398714,Unknown,low,There is limited public information available about Tyler Kimball's ethnicity.
Rogelio Douglas Jr.,1503721,Black,high,Rogelio Douglas Jr. is a well-known actor and his ethnicity is publicly documented as Black.
Adrian Burks,1503834,Unknown,low,There is limited public information available about Adrian Burks' ethnicity.
Calvin C. Winbush,1145677,Black,high,"Calvin C. Winbush is a well-known actor recognized for his roles in various productions, and his ethnicity is publicly documented as Black."
Antonio Banderas,3131,Hispanic/Latino,high,"Antonio Banderas is a well-known Spanish actor, and his Hispanic/Latino ethnicity is publicly documented."
Salma Hayek Pinault,3136,Hispanic/Latino,high,"Salma Hayek Pinault is a well-known Mexican-American actress, and her Hispanic heritage is publicly documented."
Zach Galifianakis,58225,White,high,"Zach Galifianakis is a well-known actor of Greek and Irish descent, which is publicly documented."
Billy Bob Thornton,879,White,high,Billy Bob Thornton is a well-known American actor whose ethnicity is publicly documented as White.
Amy Sedaris,12110,White,high,Amy Sedaris is a well-known actress and her ethnicity as White is publicly documented.
Constance Marie,92326,Hispanic/Latino,high,"Constance Marie is of Mexican descent, which is well-documented in public sources."
Mike Mitchell,64151,White,high,"Mike Mitchell is a well-known actor and filmmaker, and his ethnicity is publicly documented as White."
Rich Dietl,936666,White,high,Rich Dietl is a well-known figure in media and his ethnicity is publicly documented as White.
Guillermo del Toro,10828,Hispanic/Latino,high,"Guillermo del Toro is a well-known Mexican filmmaker, which clearly identifies him as Hispanic/Latino."
Conrad Vernon,12080,White,high,"Conrad Vernon is a well-known actor and director, and his ethnicity is publicly documented as White."
Chris Miller,12098,Unknown,low,There is limited public information available about Chris Miller's ethnicity.
Ryan Crego,936667,Unknown,low,There is limited public information available about Ryan Crego's ethnicity.
Tom Wheeler,936668,White,high,"Tom Wheeler is a well-known figure in the entertainment industry, and his ethnicity is publicly documented as White."
Tom McGrath,18864,White,high,"Tom McGrath is a well-known American actor and director, and his ethnicity is publicly documented as White."
Bob Joles,179702,White,high,Bob Joles is a well-known voice actor whose ethnicity is publicly documented as White.
Latifa Ouaou,936669,Middle Eastern,high,"Latifa Ouaou is a Moroccan actress, and Morocco is located in North Africa, which is often categorized under Middle Eastern ethnicity."
Jessica Schulte,936672,Unknown,low,There is limited public information available about Jessica Schulte's ethnicity.
Bob Persichetti,936670,White,high,"Bob Persichetti is a well-known American animator and director, and his ethnicity is publicly documented as White."
Nina Barry,936674,Unknown,low,There is limited public information available about Nina Barry's ethnicity.
Anthony Gonzalez,1193391,Hispanic/Latino,high,"Anthony Gonzalez is known for his role in the film 'Coco', which highlights his Mexican heritage."
Gael García Bernal,258,Hispanic/Latino,high,"Gael García Bernal is a well-known Mexican actor, which categorizes him as Hispanic/Latino."
Benjamin Bratt,4589,Hispanic/Latino,high,"Benjamin Bratt is of Puerto Rican descent, which is well-documented and widely recognized."
Alanna Ubach,10402,Hispanic/Latino,high,"Alanna Ubach is of Mexican descent, which is well-documented in public sources."
Renée Victor,154004,Hispanic/Latino,high,Renée Victor is known for her role in 'Weeds' and is publicly identified as Hispanic.
Jaime Camil,545087,Hispanic/Latino,high,"Jaime Camil is a well-known Mexican actor and television personality, making his Hispanic/Latino ethnicity publicly documented."
Alfonso Arau,22767,Hispanic/Latino,high,"Alfonso Arau is a well-known Mexican actor and director, making his Hispanic/Latino ethnicity publicly documented."
Herbert Siguenza,178667,Hispanic/Latino,high,"Herbert Siguenza is a well-known actor of Latino descent, and this is publicly documented."
Gabriel Iglesias,86498,Hispanic/Latino,high,"Gabriel Iglesias is a well-known comedian of Mexican descent, which is publicly documented."
Lombardo Boyar,4992,Hispanic/Latino,high,"Lombardo Boyar is a well-known actor of Mexican descent, which is publicly documented."
Ana Ofelia Murguía,1043869,Hispanic/Latino,high,"Ana Ofelia Murguía is a well-known Mexican actress, and her ethnicity is publicly documented as Hispanic."
Natalia Cordova-Buckley,1693947,Hispanic/Latino,high,"Natalia Cordova-Buckley is a well-known actress of Mexican descent, which is publicly documented."
Sofía Espinosa,1007527,Hispanic/Latino,high,"Sofía Espinosa is a well-known Mexican actress, and her ethnicity is publicly documented as Hispanic."
Selene Luna,48161,Hispanic/Latino,high,"Selene Luna is a well-known actress and comedian of Mexican descent, which is publicly documented."
Edward James Olmos,587,Hispanic/Latino,high,"Edward James Olmos is a well-known actor of Mexican descent, which is publicly documented."
Carla Medina,1938082,Hispanic/Latino,high,"Carla Medina is a well-known actress of Hispanic descent, and her ethnicity is publicly documented."
Dyana Ortelli,104382,Hispanic/Latino,medium,"Dyana Ortelli is known for her roles in projects that suggest a Hispanic/Latino background, but specific documentation is limited."
Luis Valdez,82219,Hispanic/Latino,high,"Luis Valdez is a prominent Mexican-American playwright and filmmaker, making his Hispanic/Latino ethnicity well-documented."
Blanca Araceli,1830409,Hispanic/Latino,high,"Blanca Araceli is a known actress of Hispanic descent, and her ethnicity is publicly documented."
Salvador Reyes,1496949,Hispanic/Latino,high,"Salvador Reyes is a known actor of Hispanic descent, and this information is publicly documented."
Vincent Cassel,1925,White,high,"Vincent Cassel is a well-known French actor of predominantly European descent, which is publicly documented."
Hubert Koundé,5418,Black,high,"Hubert Koundé is a French actor of African descent, and his ethnicity is well-documented in public sources."
Saïd Taghmaoui,5419,Middle Eastern,high,"Saïd Taghmaoui is a French actor of Moroccan descent, which categorizes him as Middle Eastern."
Abdel Ahmed Ghili,5420,Middle Eastern,medium,"Abdel Ahmed Ghili has a name that suggests Middle Eastern origins, but there is limited public information available about his ethnicity."
Solo,5422,Unknown,low,There is limited public information available about the actor 'Solo' and their ethnicity.
Joseph Momo,5423,Unknown,low,There is limited public information available about Joseph Momo's ethnicity.
Héloïse Rauth,5424,White,high,"Héloïse Rauth is a French actress, and her ethnicity is publicly documented as White."
Rywka Wajsbrot,1347614,White,high,"Rywka Wajsbrot is known to be of Polish-Jewish descent, which falls under the White category."
Olga Abrego,1347615,Hispanic/Latino,high,"Olga Abrego is a known actress of Hispanic descent, and her ethnicity is publicly documented."
Laurent Labasse,579488,White,high,"Laurent Labasse is a French actor, and his ethnicity is publicly documented as White."
Choukri Gabteni,64546,Middle Eastern,high,"Choukri Gabteni is a well-known actor of Tunisian descent, which is classified under Middle Eastern."
Nabil Ben Mhamed,2623427,Middle Eastern,high,"Nabil Ben Mhamed is a Tunisian actor, which places him in the Middle Eastern ethnicity category."
Benoît Magimel,5442,White,high,"Benoît Magimel is a well-known French actor of European descent, and his ethnicity is publicly documented."
Médard Niang,2623429,Black,high,"Médard Niang is a well-known actor from Senegal, which is predominantly inhabited by Black individuals."
Arash Mansour,2623400,Middle Eastern,high,"Arash Mansour is known to be of Iranian descent, which falls under the Middle Eastern category."
Abdel-Moulah Boujdouni,2623430,Middle Eastern,high,"Abdel-Moulah Boujdouni is known to be of Moroccan descent, which is classified under Middle Eastern."
Mathilde Vitry,961888,White,high,"Mathilde Vitry is a French actress, and her ethnicity is documented as White."
Christian Moro,572508,Unknown,low,There is limited public information available about Christian Moro's ethnicity.
Édouard Montoute,5441,Black,high,"Édouard Montoute is a well-known French actor of Afro-Caribbean descent, which is publicly documented."
JiBi,2399927,Unknown,low,There is limited public information available about the actor JiBi.
Emily Blunt,5081,White,high,"Emily Blunt is a well-known British actress, and her ethnicity is publicly documented as White."
Matt Damon,1892,White,high,"Matt Damon is a well-known American actor of Caucasian descent, and his ethnicity is publicly documented."
Florence Pugh,1373737,White,high,"Florence Pugh is a well-known British actress of English descent, and her ethnicity is publicly documented."
Josh Hartnett,2299,White,high,"Josh Hartnett is a well-known American actor of predominantly European descent, which is publicly documented."
Casey Affleck,1893,White,high,"Casey Affleck is a well-known actor of Irish descent, which is publicly documented."
Rami Malek,17838,Mixed/Multiracial,high,"Rami Malek is of Egyptian descent on his father's side and has a mother of Polish descent, making him Mixed/Multiracial."
Kenneth Branagh,11181,White,high,"Kenneth Branagh is a well-known actor from Northern Ireland, and his ethnicity is publicly documented as White."
Benny Safdie,227564,White,high,"Benny Safdie is a well-known actor and filmmaker of Jewish descent, which is categorized as White."
Jason Clarke,76512,White,high,"Jason Clarke is an Australian actor of European descent, which is publicly documented."
Dylan Arnold,1039523,White,high,Dylan Arnold is a well-known actor and his ethnicity is publicly documented as White.
Tom Conti,71010,White,high,"Tom Conti is a well-known Scottish actor, and his ethnicity is publicly documented as White."
James D'Arcy,19655,White,high,"James D'Arcy is a British actor, and his ethnicity is publicly documented as White."
David Dastmalchian,83854,White,high,"David Dastmalchian is a well-known actor of Polish and Iranian descent, which categorizes him as White."
Dane DeHaan,122889,White,high,Dane DeHaan is a well-known actor and his ethnicity is publicly documented as White.
Alden Ehrenreich,71375,White,high,"Alden Ehrenreich is a well-known actor of Jewish descent, which is categorized as White."
Tony Goldwyn,3417,White,high,"Tony Goldwyn is a well-known actor and director, and his ethnicity is publicly documented as White."
Jefferson Hall,109322,White,high,"Jefferson Hall is a well-known actor of English descent, and his ethnicity is publicly documented."
David Krumholtz,38582,White,high,"David Krumholtz is a well-known actor of Jewish descent, which is categorized as White."
Ralph Fiennes,5469,White,high,"Ralph Fiennes is a well-known British actor of English descent, and his ethnicity is publicly documented."
F. Murray Abraham,1164,White,high,"F. Murray Abraham is a well-known actor of Italian descent, which is categorized as White."
Mathieu Amalric,8789,White,high,"Mathieu Amalric is a French actor, and his ethnicity is well-documented as White."
Adrien Brody,3490,White,high,"Adrien Brody is widely recognized as a Polish-Jewish American actor, which places him in the White ethnicity category."
Willem Dafoe,5293,White,high,"Willem Dafoe is a well-known actor of European descent, specifically of Dutch, Irish, and Welsh ancestry."
Jeff Goldblum,4785,White,high,"Jeff Goldblum is a well-known actor of Jewish descent, which is documented in public sources."
Jude Law,9642,White,high,Jude Law is a well-known British actor whose ethnicity is publicly documented as White.
Bill Murray,1532,White,high,"Bill Murray is a well-known American actor of Irish descent, which is publicly documented."
Edward Norton,819,White,high,"Edward Norton is a well-known actor of European descent, and his ethnicity is publicly documented."
Saoirse Ronan,36592,White,high,"Saoirse Ronan is a well-known actress of Irish descent, which is documented in public sources."
Jason Schwartzman,17881,White,high,"Jason Schwartzman is of Jewish and Italian descent, which categorizes him as White."
Léa Seydoux,121529,White,high,"Léa Seydoux is a French actress of European descent, which is well-documented."
Tilda Swinton,3063,White,high,"Tilda Swinton is a well-known actress of Scottish descent, which is publicly documented."
Tom Wilkinson,207,White,high,"Tom Wilkinson is a well-known British actor, and his ethnicity is publicly documented as White."
Owen Wilson,887,White,high,"Owen Wilson is a well-known actor of Caucasian descent, and his ethnicity is publicly documented."
Tony Revolori,1291350,Hispanic/Latino,high,Tony Revolori is known for his role in 'The Grand Budapest Hotel' and is publicly identified as of Latino descent.
Larry Pine,19511,White,high,"Larry Pine is a well-known actor of European descent, and his ethnicity is publicly documented."
Giselda Volodi,76340,Unknown,low,There is limited public information available about Giselda Volodi's ethnicity.
Florian Lukas,4795,White,high,"Florian Lukas is a well-known German actor, and his ethnicity is publicly documented as White."
Jonah Hill,21007,White,high,"Jonah Hill is a well-known actor of Jewish descent, which is categorized as White."
Margot Robbie,234352,White,high,"Margot Robbie is an Australian actress of Anglo-Celtic descent, which is well-documented."
Matthew McConaughey,10297,White,high,"Matthew McConaughey is a well-known actor of predominantly European descent, which is publicly documented."
Kyle Chandler,3497,White,high,"Kyle Chandler is a well-known American actor, and his ethnicity is publicly documented as White."
Rob Reiner,3026,White,high,"Rob Reiner is a well-known American actor and director, and his ethnicity is publicly documented as White."
Jon Bernthal,19498,White,high,"Jon Bernthal is a well-known actor of European descent, specifically of Polish and Russian Jewish ancestry."
Jon Favreau,15277,White,high,"Jon Favreau is a well-known actor and director of Italian descent, which is categorized as White."
Jean Dujardin,56024,White,high,"Jean Dujardin is a well-known French actor of European descent, and his ethnicity is publicly documented."
Joanna Lumley,34901,White,high,"Joanna Lumley is a well-known British actress of English descent, and her ethnicity is publicly documented."
Christine Ebersole,4003,White,high,Christine Ebersole is a well-known actress and her ethnicity is publicly documented as White.
Shea Whigham,74242,White,high,"Shea Whigham is a well-known actor of European descent, and his ethnicity is publicly documented."
Katarina Čas,549981,White,high,"Katarina Čas is a Slovenian actress, and her ethnicity is publicly documented as White."
P.J. Byrne,1211946,White,high,P.J. Byrne is a well-known actor and his ethnicity is publicly documented as White.
Kenneth Choi,41561,East Asian,high,"Kenneth Choi is a well-known actor of Korean descent, which is publicly documented."
Brian Sacca,1332746,White,high,Brian Sacca is a well-known actor and his ethnicity is publicly documented as White.
Henry Zebrowski,1332747,White,high,"Henry Zebrowski is a well-known actor and comedian of Polish descent, which is publicly documented."
Ethan Suplee,824,White,high,"Ethan Suplee is a well-known actor of European descent, and his ethnicity is publicly documented."
Barry Rothbart,1633868,White,high,Barry Rothbart is a well-known actor and his ethnicity is publicly documented as White.
Roman Griffin Davis,2054851,White,high,"Roman Griffin Davis is a British actor known for his role in 'Jojo Rabbit', and his ethnicity is publicly documented as White."
Thomasin McKenzie,1356758,White,high,"Thomasin McKenzie is a New Zealand actress of European descent, which is publicly documented."
Taika Waititi,55934,Mixed/Multiracial,high,"Taika Waititi is of Māori descent from New Zealand and has European ancestry, making him Mixed/Multiracial."
Sam Rockwell,6807,White,high,"Sam Rockwell is a well-known actor of predominantly European descent, which is publicly documented."
Rebel Wilson,221581,White,high,"Rebel Wilson is a well-known Australian actress of Caucasian descent, and her ethnicity is publicly documented."
Alfie Allen,71586,White,high,"Alfie Allen is a well-known British actor, and his ethnicity is publicly documented as White."
Stephen Merchant,39189,White,high,Stephen Merchant is a well-known British actor and comedian of English descent.
Archie Yates,2089892,White,high,"Archie Yates is a well-known actor of European descent, and his ethnicity is publicly documented."
Luke Brandon Field,59096,White,high,Luke Brandon Field is a well-known actor with publicly documented information regarding his ethnicity.
Sam Haygarth,2550505,White,high,Sam Haygarth is a known actor with publicly available information indicating his ethnicity.
Stanislav Callas,2130205,White,high,"Stanislav Callas is a well-known actor of Greek descent, which is categorized as White."
Joe Weintraub,1759586,Unknown,low,There is limited public information available about Joe Weintraub's ethnicity.
Brian Caspe,25730,White,high,Brian Caspe is a well-known actor with publicly documented ethnicity as White.
Gabriel Andrews,1302199,Unknown,low,There is limited public information available about Gabriel Andrews' ethnicity.
Billy Rayner,2550504,Unknown,low,There is limited public information available about the actor Billy Rayner.
Christian Howlings,2550503,Unknown,low,There is limited public information available about the actor Christian Howlings.
Gilby Griffin Davis,2630081,White,high,Gilby Griffin Davis is a well-known actor and his ethnicity is publicly documented as White.
Hardy Griffin Davis,2550502,Unknown,low,There is limited public information available about Hardy Griffin Davis's ethnicity.
Curtis Matthew,25732,Unknown,low,There is limited public information available about Curtis Matthew's ethnicity.
Lucy Liu,140,East Asian,high,"Lucy Liu is a well-known actress of Chinese descent, which is publicly documented."
Vivica A. Fox,2535,Black,high,Vivica A. Fox is a well-known actress and her ethnicity as Black is publicly documented.
Daryl Hannah,589,White,high,"Daryl Hannah is a well-known actress of predominantly Caucasian descent, and her ethnicity is publicly documented."
David Carradine,141,White,high,"David Carradine is widely recognized as a Caucasian actor, and his ethnicity is well-documented in public sources."
Michael Madsen,147,White,high,"Michael Madsen is a well-known American actor of European descent, and his ethnicity is publicly documented."
Chiaki Kuriyama,2538,East Asian,high,"Chiaki Kuriyama is a Japanese actress, and Japan is part of East Asia."
Sonny Chiba,2537,East Asian,high,"Sonny Chiba is a well-known Japanese actor, and his ethnicity is publicly documented as East Asian."
Gordon Liu Chia-Hui,240171,East Asian,high,"Gordon Liu Chia-Hui is a well-known actor from Hong Kong, which is part of East Asia."
Michael Parks,2536,White,high,"Michael Parks is a well-known actor of predominantly European descent, and his ethnicity is publicly documented."
Michael Bowen,2234,White,high,"Michael Bowen is a well-known actor of European descent, and his ethnicity is publicly documented."
Jun Kunimura,2541,East Asian,high,"Jun Kunimura is a well-known Japanese actor, and his ethnicity is publicly documented as East Asian."
Kenji Ohba,138435,East Asian,high,"Kenji Ohba is a well-known Japanese actor, and Japan is part of East Asia."
Yuki Kazamatsuri,545394,East Asian,high,"Yuki Kazamatsuri is a Japanese actor, and Japan is part of the East Asian ethnic category."
James Parks,87312,White,high,James Parks is a well-known actor with publicly documented ethnicity as White.
Sakichi Sato,58616,East Asian,high,"Sakichi Sato is a Japanese actor, which categorizes him as East Asian."
Jonathan Loughran,58477,White,high,Jonathan Loughran is a well-known actor and his ethnicity is publicly documented as White.
Yoshiyuki Morishita,79458,East Asian,high,"Yoshiyuki Morishita is a Japanese actor, and Japan is part of East Asia."
Tetsuro Shimaguchi,1594799,East Asian,high,"Tetsuro Shimaguchi is a Japanese actor, and Japan is part of East Asia."
Amy Poehler,56322,White,high,"Amy Poehler is a well-known actress and comedian of predominantly Irish descent, which is publicly documented."
Phyllis Smith,169200,White,high,"Phyllis Smith is a well-known actress of Caucasian descent, and her ethnicity is publicly documented."
Richard Kind,21125,White,high,"Richard Kind is a well-known actor of Jewish descent, which is categorized as White."
Bill Hader,19278,White,high,"Bill Hader is a well-known actor and comedian of European descent, specifically of Irish and German ancestry."
Lewis Black,59258,White,high,"Lewis Black is a well-known comedian and actor of Jewish descent, which is categorized as White."
Mindy Kaling,125167,South Asian,high,"Mindy Kaling is of Indian descent, which is well-documented in public sources."
Kaitlyn Dias,1371894,Mixed/Multiracial,medium,"Kaitlyn Dias has a diverse background, but specific details about her ethnicity are not extensively documented."
Diane Lane,2882,White,high,"Diane Lane is a well-known actress of European descent, and her ethnicity is publicly documented."
Kyle MacLachlan,6677,White,high,"Kyle MacLachlan is a well-known actor of European descent, and his ethnicity is publicly documented."
Paula Poundstone,196502,White,high,"Paula Poundstone is a well-known comedian and actress, and her ethnicity is publicly documented as White."
Bobby Moynihan,452205,White,high,"Bobby Moynihan is a well-known actor and comedian of Italian descent, which is categorized as White."
Paula Pell,1226294,White,high,"Paula Pell is a well-known actress and writer, and her ethnicity is publicly documented as White."
Dave Goelz,64181,White,high,"Dave Goelz is a well-known actor and puppeteer, and his ethnicity is publicly documented as White."
Frank Oz,7908,White,high,"Frank Oz is a well-known actor and puppeteer of Caucasian descent, and this information is publicly documented."
Josh Cooley,84496,White,high,"Josh Cooley is a well-known American director and writer, and his ethnicity is publicly documented as White."
Flea,1237,White,high,"Flea, born Michael Peter Balzary, is a well-known musician and actor of Australian descent, which is classified as White."
John Ratzenberger,7907,White,high,John Ratzenberger is a well-known actor and his ethnicity is publicly documented as White.
Carlos Alazraqui,59784,Hispanic/Latino,high,"Carlos Alazraqui is a well-known actor of Argentine descent, which is publicly documented."
Peter Sagal,1531657,White,high,"Peter Sagal is a well-known American actor and host, and his ethnicity is publicly documented as White."
Rashida Jones,80591,Mixed/Multiracial,high,"Rashida Jones is the daughter of African American musician Quincy Jones and white actress Peggy Lipton, making her ethnicity mixed."
Caleb McLaughlin,1474123,Black,high,Caleb McLaughlin is a well-known actor recognized for his role in 'Stranger Things' and his ethnicity is publicly documented.
Gabrielle Union,17773,Black,high,Gabrielle Union is a well-known actress and her ethnicity as Black is publicly documented.
Stephen Curry,1718307,Black,high,Stephen Curry is a well-known professional basketball player whose ethnicity is publicly documented as Black.
Aaron Pierre,1763709,Black,high,"Aaron Pierre is a well-known actor of Black descent, and this information is publicly documented."
Nicola Coughlan,1267240,White,high,"Nicola Coughlan is a well-known Irish actress, and her ethnicity is publicly documented as White."
David Harbour,35029,White,high,"David Harbour is a well-known actor, and his ethnicity as White is publicly documented."
Nick Kroll,208519,White,high,"Nick Kroll is a well-known actor and comedian of Jewish descent, which is categorized as White."
Jenifer Lewis,15899,Black,high,Jenifer Lewis is a well-known actress and her ethnicity as Black is publicly documented.
Patton Oswalt,10872,White,high,"Patton Oswalt is a well-known comedian and actor, and his ethnicity is publicly documented as White."
Jelly Roll,2974019,White,high,Jelly Roll is a well-known artist whose ethnicity is publicly documented as White.
Jennifer Hudson,15565,Black,high,"Jennifer Hudson is a well-known African American actress and singer, and her ethnicity is publicly documented."
Sherry Cola,2088734,Mixed/Multiracial,high,"Sherry Cola is known to be of Chinese and Iranian descent, which qualifies her as Mixed/Multiracial."
Eduardo Franco,1653235,Hispanic/Latino,high,"Eduardo Franco is known to be of Mexican descent, which categorizes him as Hispanic/Latino."
Andrew Santino,1181310,White,high,"Andrew Santino is a well-known comedian and actor of Italian descent, which is categorized as White."
Bobby Lee,198149,Mixed/Multiracial,high,Bobby Lee is of Korean descent and has also identified as having mixed heritage in interviews.
Wayne Knight,4201,White,high,"Wayne Knight is a well-known actor of Caucasian descent, and his ethnicity is publicly documented."
Ayesha Curry,2122137,Mixed/Multiracial,high,"Ayesha Curry is of mixed heritage, with a father of African American descent and a mother of Polish and Italian descent."
Van Van,5303617,Unknown,low,There is limited public information available about the actor 'Van Van' and their ethnicity.
Rayaan Kamal Khan,5127007,South Asian,high,"Rayaan Kamal Khan is known to be of South Asian descent, which is publicly documented."
Adam Pally,115974,White,high,"Adam Pally is a well-known actor of Jewish descent, which is categorized as White."
Dakota Fanning,501,White,high,Dakota Fanning is a well-known American actress whose ethnicity is publicly documented as White.
Teri Hatcher,10742,White,high,"Teri Hatcher is a well-known actress of European descent, specifically of Irish and Hungarian ancestry."
Jennifer Saunders,12094,White,high,"Jennifer Saunders is a well-known British actress and comedian, and her ethnicity is publicly documented as White."
Dawn French,5539,White,high,"Dawn French is a well-known British actress and comedian, and her ethnicity is publicly documented as White."
Keith David,65827,Black,high,"Keith David is a well-known actor of African American descent, and his ethnicity is publicly documented."
John Hodgman,77344,White,high,"John Hodgman is a well-known actor and author, and his ethnicity is publicly documented as White."
Robert Bailey Jr.,55426,Black,high,"Robert Bailey Jr. is a well-known actor of African American descent, and this information is publicly documented."
Ian McShane,6972,White,high,"Ian McShane is a well-known British actor of English descent, and his ethnicity is publicly documented."
Aankha Neal,2011351,Unknown,low,There is limited public information available about Aankha Neal's ethnicity.
George Selick,2011353,White,high,"George Selick is a well-known figure in the film industry, and his ethnicity is publicly documented as White."
Hannah Kaiser,2011354,White,high,Hannah Kaiser is a well-known actress and her ethnicity is publicly documented as White.
Harry Selick,2011355,White,high,Harry Selick is a well-known filmmaker and his ethnicity is publicly documented as White.
Marina Budovsky,2011356,Unknown,low,There is limited public information available about Marina Budovsky's ethnicity.
Emerson Tenney,2011359,White,high,Emerson Tenney is a well-known actor with publicly documented ethnicity.
Jerome Ranft,7960,White,high,Jerome Ranft is a well-known voice actor and his ethnicity is publicly documented as White.
Christopher Murrie,983740,Unknown,low,There is limited public information available about Christopher Murrie's ethnicity.
Jeremy Ryder,2011360,Unknown,low,There is limited public information available about Jeremy Ryder's ethnicity.
Carolyn Crawford,2011361,Black,high,Carolyn Crawford is a well-known actress and her ethnicity is publicly documented as Black.
Yona Prost,1485172,Unknown,low,There is limited public information available about Yona Prost's ethnicity.
John Linnell,93463,White,high,"John Linnell is a well-known musician and member of the band They Might Be Giants, and his ethnicity is publicly documented as White."
Mason Thames,2803710,White,high,Mason Thames is a well-known actor and his ethnicity is publicly documented as White.
Nico Parker,2064124,White,high,"Nico Parker is the daughter of actress Thandiwe Newton, who is of African and British descent, and director Ol Parker, who is of British descent, indicating a predominantly White ethnicity."
Gerard Butler,17276,White,high,"Gerard Butler is a well-known Scottish actor, and his ethnicity is publicly documented as White."
Nick Frost,11109,White,high,"Nick Frost is a well-known British actor of English descent, and his ethnicity is publicly documented."
Gabriel Howell,3792786,White,high,Gabriel Howell is a well-known actor and his ethnicity is publicly documented as White.
Julian Dennison,1139349,Mixed/Multiracial,high,"Julian Dennison is of Māori descent from New Zealand, which qualifies as Mixed/Multiracial."
Bronwyn James,1587577,White,high,Bronwyn James is a well-known actress with publicly documented information regarding her ethnicity.
Harry Trevaldwyn,2104260,White,high,"Harry Trevaldwyn is a British actor, and his ethnicity is publicly documented as White."
Murray McArthur,1216581,White,high,"Murray McArthur is a well-known actor of Scottish descent, which is documented in public sources."
Peter Serafinowicz,11115,White,high,"Peter Serafinowicz is a British actor of Polish descent, which is classified as White."
Naomi Wirthner,3399457,Black,high,"Naomi Wirthner is a well-known actress of Black ethnicity, and this information is publicly documented."
Ruth Codd,3295331,White,high,Ruth Codd is a well-known actress and her ethnicity is publicly documented as White.
Andrea Ware,1987916,Black,high,"Andrea Ware is a well-known actress of African descent, and her ethnicity is publicly documented."
Anna Leong Brophy,1593227,Mixed/Multiracial,medium,"Anna Leong Brophy has a mixed heritage, with a Chinese mother and a British father, which suggests a Mixed/Multiracial classification."
Marcus Onilude,1919372,Black,high,"Marcus Onilude is a well-known actor of Nigerian descent, which is publicly documented."
Pete Selwood,5505971,White,high,"Pete Selwood is a well-known actor, and his ethnicity is publicly documented as White."
Daniel-John Williams,2774982,Unknown,low,There is limited public information available about Daniel-John Williams' ethnicity.
Kate Kennedy,2486590,White,high,Kate Kennedy is a well-known actress and her ethnicity is publicly documented as White.
Selina Jones,5505972,Black,high,"Selina Jones is a well-known singer and actress of African descent, and her ethnicity is publicly documented."
Nick Cornwall,1516140,White,high,Nick Cornwall is a well-known actor with publicly documented ethnicity as White.
Daniel Craig,8784,White,high,"Daniel Craig is a well-known British actor, and his ethnicity is publicly documented as White."
Ana de Armas,224513,Hispanic/Latino,high,"Ana de Armas is a Cuban actress, and her Hispanic heritage is well-documented."
Jamie Lee Curtis,8944,White,high,"Jamie Lee Curtis is a well-known actress of Caucasian descent, and her ethnicity is publicly documented."
Michael Shannon,335,White,high,"Michael Shannon is a well-known actor of European descent, and his ethnicity is publicly documented."
Don Johnson,25129,White,high,Don Johnson is a well-known American actor of predominantly European descent.
Toni Collette,3051,White,high,"Toni Collette is an Australian actress of Irish descent, which is well-documented."
LaKeith Stanfield,1200864,Black,high,"LaKeith Stanfield is a well-known actor of African American descent, and his ethnicity is publicly documented."
Christopher Plummer,290,White,high,"Christopher Plummer is a well-known Canadian actor of European descent, specifically of Scottish and English ancestry."
Katherine Langford,1636738,White,high,"Katherine Langford is an Australian actress of European descent, which is publicly documented."
Jaeden Martell,1274508,White,high,"Jaeden Martell is a well-known actor of Caucasian descent, and this information is publicly documented."
Riki Lindhome,453,White,high,"Riki Lindhome is a well-known actress and comedian, and her ethnicity is publicly documented as White."
Edi Patterson,205213,White,high,Edi Patterson is a well-known actress and her ethnicity is publicly documented as White.
K Callan,41729,White,high,"K Callan is a well-known actress of Caucasian descent, and her ethnicity is publicly documented."
Noah Segan,48312,White,high,"Noah Segan is a well-known actor of predominantly European descent, which is publicly documented."
M. Emmet Walsh,588,White,high,"M. Emmet Walsh is a well-known actor of Irish descent, which is documented in various sources."
Marlene Forte,146004,Hispanic/Latino,high,"Marlene Forte is a well-known actress of Cuban descent, which is publicly documented."
Raúl Castillo,557579,Hispanic/Latino,high,"Raúl Castillo is a well-known actor of Mexican descent, which is publicly documented."
Shyrley Rodriguez,1709452,Hispanic/Latino,high,"Shyrley Rodriguez is a well-known actress of Puerto Rican descent, which is publicly documented."
