title,start_year,end_year,genres,tmdb_id,media_type,actor_name,actor_tmdb_id,actor_gender_code,actor_ethnicity,actor_sexuality,actor_age_at_release,character_name,character_gender,character_ethnicity,character_sexuality,gender_mismatch,ethnicity_mismatch,sexuality_mismatch,billing_order,role_type,prominence_score,sympathy_coding,arc_quality
Succession,2018,2023,Drama|Comedy,76331,tv,Jeremy Strong,239271,2,,,,Kendall Roy,,,,,,,1,lead,,,
Succession,2018,2023,Drama|Comedy,76331,tv,Kieran Culkin,18793,2,,,,Roman Roy,,,,,,,3,lead,,,
Succession,2018,2023,Drama|Comedy,76331,tv,Sarah Snook,235416,1,,,,Siobhan 'Shiv' Roy,,,,,,,4,supporting,,,
Succession,2018,2023,Drama|Comedy,76331,tv,Brian Cox,1248,2,,,,Logan Roy,,,,,,,5,supporting,,,
Succession,2018,2023,Drama|Comedy,76331,tv,Matthew Macfadyen,15576,2,,,,Tom Wambsgans,,,,,,,6,supporting,,,
Succession,2018,2023,Drama|Comedy,76331,tv,Alan Ruck,2394,2,,,,Connor Roy,,,,,,,7,supporting,,,
Succession,2018,2023,Drama|Comedy,76331,tv,J. Smith-Cameron,52475,1,,,,Gerri Kellman,,,,,,,9,supporting,,,
Succession,2018,2023,Drama|Comedy,76331,tv,Nicholas Braun,85139,2,,,,Greg Hirsch,,,,,,,10,supporting,,,
Succession,2018,2023,Drama|Comedy,76331,tv,Dagmara Dominczyk,52776,1,,,,Karolina Novotney,,,,,,,12,minor,,,
Succession,2018,2023,Drama|Comedy,76331,tv,Peter Friedman,54246,2,,,,Frank Vernon,,,,,,,13,minor,,,
Succession,2018,2023,Drama|Comedy,76331,tv,Justine Lupe,1689289,1,,,,Willa Ferreyra,,,,,,,14,minor,,,
Succession,2018,2023,Drama|Comedy,76331,tv,David Rasche,33533,2,,,,Karl Muller,,,,,,,15,minor,,,
Succession,2018,2023,Drama|Comedy,76331,tv,Fisher Stevens,26473,2,,,,Hugo Baker,,,,,,,16,minor,,,
Teen Wolf,2011,2017,Sci-Fi & Fantasy|Drama|Comedy,34524,tv,Tyler Posey,53280,2,,,,Scott McCall,,,,,,,1,lead,,,
Teen Wolf,2011,2017,Sci-Fi & Fantasy|Drama|Comedy,34524,tv,Holland Roden,208782,1,,,,Lydia Martin,,,,,,,5,supporting,,,
Teen Wolf,2011,2017,Sci-Fi & Fantasy|Drama|Comedy,34524,tv,Shelley Hennig,444211,1,,,,Malia Tate,,,,,,,6,supporting,,,
Teen Wolf,2011,2017,Sci-Fi & Fantasy|Drama|Comedy,34524,tv,Dylan Sprayberry,236302,2,,,,Liam Dunbar,,,,,,,8,supporting,,,
Teen Wolf,2011,2017,Sci-Fi & Fantasy|Drama|Comedy,34524,tv,Linden Ashby,57251,2,,,,Noah Stilinski,,,,,,,9,supporting,,,
Teen Wolf,2011,2017,Sci-Fi & Fantasy|Drama|Comedy,34524,tv,Melissa Ponzio,168658,1,,,,Melissa McCall,,,,,,,10,supporting,,,
Teen Wolf,2011,2017,Sci-Fi & Fantasy|Drama|Comedy,34524,tv,JR Bourne,62911,2,,,,Chris Argent,,,,,,,11,minor,,,
Bob's Burgers,2011,2025,Animation|Comedy,32726,tv,H. Jon Benjamin,185773,2,,,,Bob Belcher (voice),,,,,,,1,lead,,,
Bob's Burgers,2011,2025,Animation|Comedy,32726,tv,John Roberts,1251981,2,,,,Linda Belcher (voice),,,,,,,2,lead,,,
Bob's Burgers,2011,2025,Animation|Comedy,32726,tv,Kristen Schaal,109869,1,,,,Louise Belcher (voice),,,,,,,3,lead,,,
Bob's Burgers,2011,2025,Animation|Comedy,32726,tv,Eugene Mirman,1217563,2,,,,Gene Belcher (voice),,,,,,,4,supporting,,,
Bob's Burgers,2011,2025,Animation|Comedy,32726,tv,Dan Mintz,224512,2,,,,Tina Belcher (voice),,,,,,,5,supporting,,,
Bob's Burgers,2011,2025,Animation|Comedy,32726,tv,Larry Murphy,1230596,2,,,,Teddy (voice),,,,,,,6,supporting,,,
Gossip Girl,2007,2012,Drama|Mystery,1395,tv,Blake Lively,59175,1,,,,Serena van der Woodsen,,,,,,,1,lead,,,
Gossip Girl,2007,2012,Drama|Mystery,1395,tv,Leighton Meester,85825,1,,,,Blair Waldorf,,,,,,,2,lead,,,
Gossip Girl,2007,2012,Drama|Mystery,1395,tv,Penn Badgley,110927,2,,,,Dan Humphrey,,,,,,,3,lead,,,
Gossip Girl,2007,2012,Drama|Mystery,1395,tv,Chace Crawford,60899,2,,,,Nate Archibald,,,,,,,4,supporting,,,
Gossip Girl,2007,2012,Drama|Mystery,1395,tv,Ed Westwick,21662,2,,,,Chuck Bass,,,,,,,5,supporting,,,
Gossip Girl,2007,2012,Drama|Mystery,1395,tv,Kaylee DeFer,1216163,1,,,,Ivy Dickens,,,,,,,7,supporting,,,
Gossip Girl,2007,2012,Drama|Mystery,1395,tv,Matthew Settle,33286,2,,,,Rufus Humphrey,,,,,,,8,supporting,,,
Gossip Girl,2007,2012,Drama|Mystery,1395,tv,Kelly Rutherford,53924,1,,,,Lily van der Woodsen,,,,,,,10,supporting,,,
The Boys,2019,2026,Sci-Fi & Fantasy|Action & Adventure,76479,tv,Karl Urban,1372,2,,,,Billy Butcher,,,,,,,1,lead,,,
The Boys,2019,2026,Sci-Fi & Fantasy|Action & Adventure,76479,tv,Jack Quaid,1030513,2,,,,Hugh 'Hughie' Campbell,,,,,,,2,lead,,,
The Boys,2019,2026,Sci-Fi & Fantasy|Action & Adventure,76479,tv,Antony Starr,60373,2,,,,Homelander,,,,,,,3,lead,,,
The Boys,2019,2026,Sci-Fi & Fantasy|Action & Adventure,76479,tv,Erin Moriarty,990393,1,,,,Annie January / Starlight,,,,,,,4,supporting,,,
The Boys,2019,2026,Sci-Fi & Fantasy|Action & Adventure,76479,tv,Jessie T. Usher,198847,2,,,,Reggie Franklin / A-Train,,,,,,,6,supporting,,,
The Boys,2019,2026,Sci-Fi & Fantasy|Action & Adventure,76479,tv,Laz Alonso,10964,2,,,,Marvin T. 'Mother's Milk' Milk / M.M.,,,,,,,7,supporting,,,
The Boys,2019,2026,Sci-Fi & Fantasy|Action & Adventure,76479,tv,Chace Crawford,60899,2,,,,Kevin Moskowitz / The Deep,,,,,,,8,supporting,,,
The Boys,2019,2026,Sci-Fi & Fantasy|Action & Adventure,76479,tv,Tomer Capone,1550587,2,,,,Serge / Frenchie,,,,,,,9,supporting,,,
The Boys,2019,2026,Sci-Fi & Fantasy|Action & Adventure,76479,tv,Karen Fukuhara,1461608,1,,,,Kimiko Miyashiro,,,,,,,10,supporting,,,
The Boys,2019,2026,Sci-Fi & Fantasy|Action & Adventure,76479,tv,Nathan Mitchell,229422,2,,,,Black Noir II,,,,,,,13,minor,,,
The Boys,2019,2026,Sci-Fi & Fantasy|Action & Adventure,76479,tv,Colby Minifie,1157294,1,,,,Ashley Barrett,,,,,,,14,minor,,,
The Boys,2019,2026,Sci-Fi & Fantasy|Action & Adventure,76479,tv,Cameron Crovetti,1696015,2,,,,Ryan,,,,,,,17,minor,,,
The Boys,2019,2026,Sci-Fi & Fantasy|Action & Adventure,76479,tv,Susan Heyward,1422261,1,,,,Jessica Bradley / Sister Sage,,,,,,,18,minor,,,
The Boys,2019,2026,Sci-Fi & Fantasy|Action & Adventure,76479,tv,Valorie Curry,1181426,1,,,,Misty Tucker Gray / Firecracker,,,,,,,20,minor,,,
Grey's Anatomy,2005,2026,Drama,1416,tv,Ellen Pompeo,9280,1,,,,Meredith Grey,,,,,,,1,lead,,,
Grey's Anatomy,2005,2026,Drama,1416,tv,Chandra Wilson,171075,1,,,,Miranda Bailey,,,,,,,2,lead,,,
Grey's Anatomy,2005,2026,Drama,1416,tv,James Pickens Jr.,25544,2,,,,Richard Webber,,,,,,,5,supporting,,,
Grey's Anatomy,2005,2026,Drama,1416,tv,Caterina Scorsone,81684,1,,,,Amelia Shepherd,,,,,,,7,supporting,,,
Grey's Anatomy,2005,2026,Drama,1416,tv,Camilla Luddington,236021,1,,,,Jo Wilson,,,,,,,8,supporting,,,
Grey's Anatomy,2005,2026,Drama,1416,tv,Kevin McKidd,9013,2,,,,Owen Hunt,,,,,,,9,supporting,,,
Grey's Anatomy,2005,2026,Drama,1416,tv,Kim Raver,17836,1,,,,Teddy Altman,,,,,,,11,minor,,,
Grey's Anatomy,2005,2026,Drama,1416,tv,Jason George,95475,2,,,,Ben Warren,,,,,,,14,minor,,,
Grey's Anatomy,2005,2026,Drama,1416,tv,Chris Carmack,87440,2,,,,Atticus Lincoln,,,,,,,16,minor,,,
Grey's Anatomy,2005,2026,Drama,1416,tv,Anthony Hill,1583975,2,,,,Winston Ndugu,,,,,,,18,minor,,,
Grey's Anatomy,2005,2026,Drama,1416,tv,Adelaide Kane,131781,1,,,,Jules Millin,,,,,,,20,minor,,,
Peaky Blinders,2013,2022,Drama|Crime,60574,tv,Cillian Murphy,2037,2,,,,Thomas Shelby,,,,,,,1,lead,,,
Peaky Blinders,2013,2022,Drama|Crime,60574,tv,Paul Anderson,220448,2,,,,Arthur Shelby,,,,,,,2,lead,,,
Peaky Blinders,2013,2022,Drama|Crime,60574,tv,Sophie Rundle,1088620,1,,,,Ada Shelby,,,,,,,7,supporting,,,
Peaky Blinders,2013,2022,Drama|Crime,60574,tv,Natasha O'Keeffe,1167897,1,,,,Lizzie Stark,,,,,,,13,minor,,,
Game of Thrones,2011,2019,Sci-Fi & Fantasy|Drama|Action & Adventure,1399,tv,Peter Dinklage,22970,2,,,,Tyrion 'The Halfman' Lannister,,,,,,,1,lead,,,
Game of Thrones,2011,2019,Sci-Fi & Fantasy|Drama|Action & Adventure,1399,tv,Kit Harington,239019,2,,,,Jon Snow,,,,,,,2,lead,,,
Game of Thrones,2011,2019,Sci-Fi & Fantasy|Drama|Action & Adventure,1399,tv,Nikolaj Coster-Waldau,12795,2,,,,Sir Jaime 'Kingslayer' Lannister,,,,,,,6,supporting,,,
Game of Thrones,2011,2019,Sci-Fi & Fantasy|Drama|Action & Adventure,1399,tv,Lena Headey,17286,1,,,,Cersei Lannister,,,,,,,7,supporting,,,
Game of Thrones,2011,2019,Sci-Fi & Fantasy|Drama|Action & Adventure,1399,tv,Emilia Clarke,1223786,1,,,,Daenerys Targaryen,,,,,,,9,supporting,,,
Game of Thrones,2011,2019,Sci-Fi & Fantasy|Drama|Action & Adventure,1399,tv,Liam Cunningham,15498,2,,,,Davos Seaworth,,,,,,,10,supporting,,,
Game of Thrones,2011,2019,Sci-Fi & Fantasy|Drama|Action & Adventure,1399,tv,Maisie Williams,1181313,1,,,,Arya Stark,,,,,,,11,minor,,,
Game of Thrones,2011,2019,Sci-Fi & Fantasy|Drama|Action & Adventure,1399,tv,Isaac Hempstead Wright,239020,2,,,,Brandon 'Bran' Stark,,,,,,,13,minor,,,
Game of Thrones,2011,2019,Sci-Fi & Fantasy|Drama|Action & Adventure,1399,tv,Sophie Turner,1001657,1,,,,Sansa Stark,,,,,,,16,minor,,,
Game of Thrones,2011,2019,Sci-Fi & Fantasy|Drama|Action & Adventure,1399,tv,John Bradley,1010135,2,,,,Samwell 'Sam' Tarly,,,,,,,18,minor,,,
Game of Thrones,2011,2019,Sci-Fi & Fantasy|Drama|Action & Adventure,1399,tv,Rory McCann,3075,2,,,,Sandor 'The Hound' Clegane,,,,,,,20,minor,,,
NCIS,2003,2026,Crime|Drama|Action & Adventure,4614,tv,Sean Murray,1230381,2,,,,Timothy McGee,,,,,,,2,lead,,,
NCIS,2003,2026,Crime|Drama|Action & Adventure,4614,tv,Wilmer Valderrama,18975,2,,,,Nick Torres,,,,,,,4,supporting,,,
NCIS,2003,2026,Crime|Drama|Action & Adventure,4614,tv,Katrina Law,164930,1,,,,Jessica Knight,,,,,,,5,supporting,,,
NCIS,2003,2026,Crime|Drama|Action & Adventure,4614,tv,Brian Dietzen,1213580,2,,,,Jimmy Palmer,,,,,,,7,supporting,,,
NCIS,2003,2026,Crime|Drama|Action & Adventure,4614,tv,Rocky Carroll,27448,2,,,,Leon Vance,,,,,,,16,minor,,,
NCIS,2003,2026,Crime|Drama|Action & Adventure,4614,tv,Diona Reasonover,1470346,1,,,,Kasie Hines,,,,,,,17,minor,,,
NCIS,2003,2026,Crime|Drama|Action & Adventure,4614,tv,Gary Cole,21163,2,,,,Alden Parker,,,,,,,18,minor,,,
Shameless,2011,2021,Drama|Comedy,34307,tv,William H. Macy,3905,2,,,,Frank Gallagher,,,,,,,2,lead,,,
Shameless,2011,2021,Drama|Comedy,34307,tv,Jeremy Allen White,206905,2,,,,Lip Gallagher,,,,,,,4,supporting,,,
Shameless,2011,2021,Drama|Comedy,34307,tv,Ethan Cutkosky,132213,2,,,,Carl Gallagher,,,,,,,5,supporting,,,
Shameless,2011,2021,Drama|Comedy,34307,tv,Shanola Hampton,110531,1,,,,Veronica Fisher,,,,,,,6,supporting,,,
Shameless,2011,2021,Drama|Comedy,34307,tv,Steve Howey,81388,2,,,,Kevin Ball,,,,,,,7,supporting,,,
Shameless,2011,2021,Drama|Comedy,34307,tv,Emma Kenney,1252801,1,,,,Debbie Gallagher,,,,,,,8,supporting,,,
Shameless,2011,2021,Drama|Comedy,34307,tv,Christian Isaiah,2563541,2,,,,Liam Gallagher,,,,,,,9,supporting,,,
Shameless,2011,2021,Drama|Comedy,34307,tv,Cameron Monaghan,37089,2,,,,Ian Gallagher,,,,,,,10,supporting,,,
Shameless,2011,2021,Drama|Comedy,34307,tv,Noel Fisher,80352,2,,,,Mickey Milkovich,,,,,,,11,minor,,,
Shameless,2011,2021,Drama|Comedy,34307,tv,Kate Miner,214695,1,,,,Tami Tamietti,,,,,,,13,minor,,,
Breaking Bad ,2008,2013,Drama|Crime,1396,tv,Bryan Cranston,17419,2,,,,Walter White,,,,,,,1,lead,,,
Breaking Bad ,2008,2013,Drama|Crime,1396,tv,Aaron Paul,84497,2,,,,Jesse Pinkman,,,,,,,2,lead,,,
Breaking Bad ,2008,2013,Drama|Crime,1396,tv,Anna Gunn,134531,1,,,,Skyler White,,,,,,,3,lead,,,
Breaking Bad ,2008,2013,Drama|Crime,1396,tv,RJ Mitte,209674,2,,,,Walter White Jr.,,,,,,,4,supporting,,,
Breaking Bad ,2008,2013,Drama|Crime,1396,tv,Dean Norris,14329,2,,,,Hank Schrader,,,,,,,5,supporting,,,
Breaking Bad ,2008,2013,Drama|Crime,1396,tv,Betsy Brandt,1217934,1,,,,Marie Schrader,,,,,,,6,supporting,,,
Breaking Bad ,2008,2013,Drama|Crime,1396,tv,Bob Odenkirk,59410,2,,,,Saul Goodman,,,,,,,8,supporting,,,
Breaking Bad ,2008,2013,Drama|Crime,1396,tv,Jonathan Banks,783,2,,,,Mike Ehrmantraut,,,,,,,10,supporting,,,
Modern Family,2009,2020,Comedy,1421,tv,Ed O'Neill,18977,2,,,,Jay Pritchett,,,,,,,1,lead,,,
Modern Family,2009,2020,Comedy,1421,tv,Sofía Vergara,63522,1,,,,Gloria Delgado-Pritchett,,,,,,,2,lead,,,
Modern Family,2009,2020,Comedy,1421,tv,Julie Bowen,31171,1,,,,Claire Dunphy,,,,,,,3,lead,,,
Modern Family,2009,2020,Comedy,1421,tv,Ty Burrell,15232,2,,,,Phil Dunphy,,,,,,,4,supporting,,,
Modern Family,2009,2020,Comedy,1421,tv,Jesse Tyler Ferguson,204815,2,,,,Mitchell Pritchett,,,,,,,5,supporting,,,
Modern Family,2009,2020,Comedy,1421,tv,Eric Stonestreet,156962,2,,,,Cameron Tucker,,,,,,,6,supporting,,,
Modern Family,2009,2020,Comedy,1421,tv,Sarah Hyland,91351,1,,,,Haley Dunphy,,,,,,,7,supporting,,,
Modern Family,2009,2020,Comedy,1421,tv,Ariel Winter,42160,1,,,,Alex Dunphy,,,,,,,8,supporting,,,
Modern Family,2009,2020,Comedy,1421,tv,Nolan Gould,147710,2,,,,Luke Dunphy,,,,,,,9,supporting,,,
Modern Family,2009,2020,Comedy,1421,tv,Rico Rodriguez,206737,2,,,,Manny Delgado,,,,,,,10,supporting,,,
Modern Family,2009,2020,Comedy,1421,tv,Aubrey Anderson-Emmons,1224228,1,,,,Lily Tucker-Pritchett,,,,,,,12,minor,,,
Modern Family,2009,2020,Comedy,1421,tv,Jeremy Maguire,1676910,2,,,,Joe Pritchett,,,,,,,14,minor,,,
Modern Family,2009,2020,Comedy,1421,tv,Reid Ewing,967692,2,,,,Dylan Marshall,,,,,,,15,minor,,,
Friends,1994,2004,Comedy,1668,tv,Jennifer Aniston,4491,1,,,,Rachel Green,,,,,,,1,lead,,,
Friends,1994,2004,Comedy,1668,tv,Courteney Cox,14405,1,,,,Monica Geller,,,,,,,2,lead,,,
Friends,1994,2004,Comedy,1668,tv,Lisa Kudrow,14406,1,,,,Phoebe Buffay,,,,,,,3,lead,,,
Friends,1994,2004,Comedy,1668,tv,Matt LeBlanc,14407,2,,,,Joey Tribbiani,,,,,,,4,supporting,,,
Friends,1994,2004,Comedy,1668,tv,Matthew Perry,14408,2,,,,Chandler Bing,,,,,,,5,supporting,,,
Friends,1994,2004,Comedy,1668,tv,David Schwimmer,14409,2,,,,Ross Geller,,,,,,,6,supporting,,,
The Walking Dead,2010,2022,Action & Adventure|Drama|Sci-Fi & Fantasy,1402,tv,Lauren Cohan,62220,1,,,,Maggie Greene,,,,,,,4,supporting,,,
The Walking Dead,2010,2022,Action & Adventure|Drama|Sci-Fi & Fantasy,1402,tv,Norman Reedus,4886,2,,,,Daryl Dixon,,,,,,,5,supporting,,,
The Walking Dead,2010,2022,Action & Adventure|Drama|Sci-Fi & Fantasy,1402,tv,Jeffrey Dean Morgan,47296,2,,,,Negan Smith,,,,,,,9,supporting,,,
The Walking Dead,2010,2022,Action & Adventure|Drama|Sci-Fi & Fantasy,1402,tv,Melissa McBride,31535,1,,,,Carol Peletier,,,,,,,10,supporting,,,
The Walking Dead,2010,2022,Action & Adventure|Drama|Sci-Fi & Fantasy,1402,tv,Christian Serratos,84224,1,,,,Rosita Espinosa,,,,,,,16,minor,,,
The Walking Dead,2010,2022,Action & Adventure|Drama|Sci-Fi & Fantasy,1402,tv,Seth Gilliam,41688,2,,,,Gabriel Stokes,,,,,,,18,minor,,,
The Walking Dead,2010,2022,Action & Adventure|Drama|Sci-Fi & Fantasy,1402,tv,Ross Marquand,555249,2,,,,Aaron,,,,,,,19,minor,,,
The Walking Dead,2010,2022,Action & Adventure|Drama|Sci-Fi & Fantasy,1402,tv,Josh McDermitt,1252310,2,,,,Eugene Porter,,,,,,,20,minor,,,
American Dad!,2005,2026,Animation|Comedy,1433,tv,Seth MacFarlane,52139,2,,,,Stan Smith / Roger (voice),,,,,,,1,lead,,,
American Dad!,2005,2026,Animation|Comedy,1433,tv,Wendy Schaal,37600,1,,,,Francine Smith (voice),,,,,,,2,lead,,,
American Dad!,2005,2026,Animation|Comedy,1433,tv,Rachael MacFarlane,81668,1,,,,Hayley Smith (voice),,,,,,,3,lead,,,
American Dad!,2005,2026,Animation|Comedy,1433,tv,Scott Grimes,35091,2,,,,Steve Smith (voice),,,,,,,4,supporting,,,
American Dad!,2005,2026,Animation|Comedy,1433,tv,Dee Bradley Baker,23680,2,,,,Klaus (voice),,,,,,,5,supporting,,,
Euphoria,2019,2026,Drama,85552,tv,Zendaya,505710,1,,,,Rue Bennett,,,,,,,1,lead,,,
Euphoria,2019,2026,Drama,85552,tv,Hunter Schafer,2340180,1,,,,Jules Vaughn,,,,,,,2,lead,,,
Euphoria,2019,2026,Drama,85552,tv,Sydney Sweeney,115440,1,,,,Cassie Howard,,,,,,,3,lead,,,
Euphoria,2019,2026,Drama,85552,tv,Jacob Elordi,2034418,2,,,,Nate Jacobs,,,,,,,4,supporting,,,
Euphoria,2019,2026,Drama,85552,tv,Alexa Demie,1497557,1,,,,Maddy Perez,,,,,,,5,supporting,,,
Euphoria,2019,2026,Drama,85552,tv,Maude Apatow,41090,1,,,,Lexi Howard,,,,,,,8,supporting,,,
Euphoria,2019,2026,Drama,85552,tv,Eric Dane,58115,2,,,,Cal Jacobs,,,,,,,10,supporting,,,
Euphoria,2019,2026,Drama,85552,tv,Martha Kelly,1572541,1,,,,Laurie,,,,,,,16,minor,,,
Euphoria,2019,2026,Drama,85552,tv,Chloe Cherry,1585678,1,,,,Faye,,,,,,,17,minor,,,
Euphoria,2019,2026,Drama,85552,tv,Adewale Akinnuoye-Agbaje,31164,2,,,,,,,,,,,18,minor,,,
Euphoria,2019,2026,Drama,85552,tv,Toby Wallace,110419,2,,,,,,,,,,,19,minor,,,
Supernatural,2005,2020,Drama|Mystery|Sci-Fi & Fantasy,1622,tv,Jared Padalecki,49623,2,,,,Sam Winchester,,,,,,,2,lead,,,
Supernatural,2005,2020,Drama|Mystery|Sci-Fi & Fantasy,1622,tv,Jensen Ackles,49624,2,,,,Dean Winchester,,,,,,,4,supporting,,,
Supernatural,2005,2020,Drama|Mystery|Sci-Fi & Fantasy,1622,tv,Misha Collins,42747,2,,,,Castiel,,,,,,,6,supporting,,,
Rick and Morty,2013,2025,Animation|Comedy|Sci-Fi & Fantasy|Action & Adventure,60625,tv,Chris Parnell,51382,2,,,,Jerry Smith (voice),,,,,,,2,lead,,,
Rick and Morty,2013,2025,Animation|Comedy|Sci-Fi & Fantasy|Action & Adventure,60625,tv,Spencer Grammer,176823,1,,,,Summer Smith (voice),,,,,,,3,lead,,,
Rick and Morty,2013,2025,Animation|Comedy|Sci-Fi & Fantasy|Action & Adventure,60625,tv,Sarah Chalke,49001,1,,,,Beth Smith (voice),,,,,,,4,supporting,,,
Rick and Morty,2013,2025,Animation|Comedy|Sci-Fi & Fantasy|Action & Adventure,60625,tv,Ian Cardoni,4322756,2,,,,Rick Sanchez (voice),,,,,,,5,supporting,,,
Rick and Morty,2013,2025,Animation|Comedy|Sci-Fi & Fantasy|Action & Adventure,60625,tv,Harry Belden,4129855,2,,,,Morty Smith (voice),,,,,,,7,supporting,,,
The Last Of Us,2023,2025,Drama,100088,tv,Bella Ramsey,1668004,3,,,,Ellie Williams,,,,,,,2,lead,,,
The Last Of Us,2023,2025,Drama,100088,tv,Gabriel Luna,111016,2,,,,Tommy Miller,,,,,,,3,lead,,,
The Last Of Us,2023,2025,Drama,100088,tv,Isabela Merced,1428070,1,,,,Dina,,,,,,,4,supporting,,,
The Last Of Us,2023,2025,Drama,100088,tv,Young Mazino,2569691,2,,,,Jesse,,,,,,,5,supporting,,,
Bridgerton,2020,2026,Drama,91239,tv,Ruth Gemmell,18031,1,,,,Lady Violet Bridgerton,,,,,,,1,lead,,,
Bridgerton,2020,2026,Drama,91239,tv,Luke Thompson,1127887,2,,,,Benedict Bridgerton,,,,,,,3,lead,,,
Bridgerton,2020,2026,Drama,91239,tv,Yerin Ha,2611199,1,,,,Sophie Baek,,,,,,,7,supporting,,,
Bridgerton,2020,2026,Drama,91239,tv,Luke Newton,1794961,2,,,,Colin Bridgerton,,,,,,,8,supporting,,,
Bridgerton,2020,2026,Drama,91239,tv,Claudia Jessie,1439488,1,,,,Eloise Bridgerton,,,,,,,12,minor,,,
Bridgerton,2020,2026,Drama,91239,tv,Florence Hunt,2908684,1,,,,Hyacinth Bridgerton,,,,,,,13,minor,,,
Bridgerton,2020,2026,Drama,91239,tv,Will Tilston,1686681,2,,,,Gregory Bridgerton,,,,,,,14,minor,,,
Bridgerton,2020,2026,Drama,91239,tv,Adjoa Andoh,109651,1,,,,Lady Agatha Danbury,,,,,,,16,minor,,,
Bridgerton,2020,2026,Drama,91239,tv,Julie Andrews,5823,1,,,,Lady Whistledown (voice),,,,,,,19,minor,,,
South Park,1997,2025,Animation|Comedy,2190,tv,Trey Parker,34517,2,,,,Eric Cartman / Stan Marsh (voice),,,,,,,1,lead,,,
South Park,1997,2025,Animation|Comedy,2190,tv,Matt Stone,34518,2,,,,Kyle Broflovski / Kenny McCormick (voice),,,,,,,2,lead,,,
South Park,1997,2025,Animation|Comedy,2190,tv,Mona Marshall,111466,1,,,,Sheila Broflovski (voice),,,,,,,5,supporting,,,
South Park,1997,2025,Animation|Comedy,2190,tv,Jennifer Howell,1229787,1,,,,Bebe Stevens (voice),,,,,,,12,minor,,,
Orange Is The New Black,2013,2019,Drama|Comedy|Crime,1424,tv,Taylor Schilling,221809,1,,,,Piper Chapman,,,,,,,1,lead,,,
Orange Is The New Black,2013,2019,Drama|Comedy|Crime,1424,tv,Laura Prepon,18974,1,,,,Alex Vause,,,,,,,2,lead,,,
Orange Is The New Black,2013,2019,Drama|Comedy|Crime,1424,tv,Kate Mulgrew,35317,1,,,,Galina 'Red' Reznikov,,,,,,,3,lead,,,
Orange Is The New Black,2013,2019,Drama|Comedy|Crime,1424,tv,Natasha Lyonne,10871,1,,,,Nicky Nichols,,,,,,,4,supporting,,,
Orange Is The New Black,2013,2019,Drama|Comedy|Crime,1424,tv,Selenis Leyva,162503,1,,,,Gloria Mendoza,,,,,,,6,supporting,,,
Orange Is The New Black,2013,2019,Drama|Comedy|Crime,1424,tv,Elizabeth Rodriguez,65421,1,,,,Aleida Diaz,,,,,,,7,supporting,,,
Orange Is The New Black,2013,2019,Drama|Comedy|Crime,1424,tv,Dascha Polanco,1026947,1,,,,Dayanara Diaz,,,,,,,8,supporting,,,
Orange Is The New Black,2013,2019,Drama|Comedy|Crime,1424,tv,Danielle Brooks,1075037,1,,,,Tasha 'Taystee' Jefferson,,,,,,,10,supporting,,,
Orange Is The New Black,2013,2019,Drama|Comedy|Crime,1424,tv,Uzo Aduba,1332680,1,,,,Suzanne 'Crazy Eyes' Warren,,,,,,,11,minor,,,
Orange Is The New Black,2013,2019,Drama|Comedy|Crime,1424,tv,Nick Sandow,95519,2,,,,Joe Caputo,,,,,,,12,minor,,,
Orange Is The New Black,2013,2019,Drama|Comedy|Crime,1424,tv,Jackie Cruz,1443625,1,,,,Marisol 'Flaca' Gonzales,,,,,,,13,minor,,,
Orange Is The New Black,2013,2019,Drama|Comedy|Crime,1424,tv,Yael Stone,1028560,1,,,,Lorna Morello,,,,,,,14,minor,,,
Orange Is The New Black,2013,2019,Drama|Comedy|Crime,1424,tv,Taryn Manning,343,1,,,,Tiffany 'Pennsatucky' Doggett,,,,,,,16,minor,,,
Orange Is The New Black,2013,2019,Drama|Comedy|Crime,1424,tv,Adrienne C. Moore,1443478,1,,,,Cindy Hayes,,,,,,,17,minor,,,
Orange Is The New Black,2013,2019,Drama|Comedy|Crime,1424,tv,Jessica Pimentel,171940,1,,,,Maria Ruiz,,,,,,,18,minor,,,
Orange Is The New Black,2013,2019,Drama|Comedy|Crime,1424,tv,Laura Gómez,1443612,1,,,,Blanca Flores,,,,,,,20,minor,,,
How I Met Your Mother,2005,2014,Comedy,1100,tv,Josh Radnor,144009,2,,,,Ted Mosby,,,,,,,1,lead,,,
How I Met Your Mother,2005,2014,Comedy,1100,tv,Neil Patrick Harris,41686,2,,,,Barney Stinson,,,,,,,2,lead,,,
How I Met Your Mother,2005,2014,Comedy,1100,tv,Jason Segel,41088,2,,,,Marshall Eriksen,,,,,,,3,lead,,,
How I Met Your Mother,2005,2014,Comedy,1100,tv,Alyson Hannigan,21595,1,,,,Lily Aldrin,,,,,,,4,supporting,,,
How I Met Your Mother,2005,2014,Comedy,1100,tv,Cobie Smulders,71189,1,,,,Robin Scherbatsky,,,,,,,5,supporting,,,
How I Met Your Mother,2005,2014,Comedy,1100,tv,Cristin Milioti,204392,1,,,,Tracy McConnell,,,,,,,6,supporting,,,
Brooklyn Nine-Nine,2013,2021,Comedy|Crime,48891,tv,Andy Samberg,62861,2,,,,Jake Peralta,,,,,,,1,lead,,,
Brooklyn Nine-Nine,2013,2021,Comedy|Crime,48891,tv,Melissa Fumero,1220767,1,,,,Amy Santiago,,,,,,,2,lead,,,
Brooklyn Nine-Nine,2013,2021,Comedy|Crime,48891,tv,Terry Crews,53256,2,,,,Terry Jeffords,,,,,,,3,lead,,,
Brooklyn Nine-Nine,2013,2021,Comedy|Crime,48891,tv,Joe Lo Truglio,21131,2,,,,Charles Boyle,,,,,,,4,supporting,,,
Brooklyn Nine-Nine,2013,2021,Comedy|Crime,48891,tv,Stephanie Beatriz,968367,1,,,,Rosa Diaz,,,,,,,5,supporting,,,
Brooklyn Nine-Nine,2013,2021,Comedy|Crime,48891,tv,Andre Braugher,6861,2,,,,Raymond Holt,,,,,,,6,supporting,,,
Brooklyn Nine-Nine,2013,2021,Comedy|Crime,48891,tv,Dirk Blocker,123016,2,,,,Michael Hitchcock,,,,,,,7,supporting,,,
Brooklyn Nine-Nine,2013,2021,Comedy|Crime,48891,tv,Joel McKinnon Miller,88950,2,,,,Norman Scully,,,,,,,8,supporting,,,
The Dark Knight,2008,2008,Action|Crime|Thriller,155,movie,Christian Bale,3894,2,,,,Bruce Wayne,,,,,,,1,lead,,,
The Dark Knight,2008,2008,Action|Crime|Thriller,155,movie,Heath Ledger,1810,2,,,,Joker,,,,,,,2,lead,,,
The Dark Knight,2008,2008,Action|Crime|Thriller,155,movie,Aaron Eckhart,6383,2,,,,Harvey Dent,,,,,,,3,lead,,,
The Dark Knight,2008,2008,Action|Crime|Thriller,155,movie,Michael Caine,3895,2,,,,Alfred,,,,,,,4,supporting,,,
The Dark Knight,2008,2008,Action|Crime|Thriller,155,movie,Maggie Gyllenhaal,1579,1,,,,Rachel,,,,,,,5,supporting,,,
The Dark Knight,2008,2008,Action|Crime|Thriller,155,movie,Gary Oldman,64,2,,,,Gordon,,,,,,,6,supporting,,,
The Dark Knight,2008,2008,Action|Crime|Thriller,155,movie,Morgan Freeman,192,2,,,,Lucius Fox,,,,,,,7,supporting,,,
The Dark Knight,2008,2008,Action|Crime|Thriller,155,movie,Monique Gabriela Curnen,53651,1,,,,Ramirez,,,,,,,8,supporting,,,
The Dark Knight,2008,2008,Action|Crime|Thriller,155,movie,Ron Dean,57597,2,,,,Wuertz,,,,,,,9,supporting,,,
The Dark Knight,2008,2008,Action|Crime|Thriller,155,movie,Cillian Murphy,2037,2,,,,Scarecrow,,,,,,,10,supporting,,,
The Dark Knight,2008,2008,Action|Crime|Thriller,155,movie,Chin Han,101015,2,,,,Lau,,,,,,,11,minor,,,
The Dark Knight,2008,2008,Action|Crime|Thriller,155,movie,Nestor Carbonell,21316,2,,,,Mayor,,,,,,,12,minor,,,
The Dark Knight,2008,2008,Action|Crime|Thriller,155,movie,Eric Roberts,21315,2,,,,Maroni,,,,,,,13,minor,,,
The Dark Knight,2008,2008,Action|Crime|Thriller,155,movie,Ritchie Coster,13939,2,,,,Chechen,,,,,,,14,minor,,,
The Dark Knight,2008,2008,Action|Crime|Thriller,155,movie,Anthony Michael Hall,1904,2,,,,Engel,,,,,,,15,minor,,,
The Dark Knight,2008,2008,Action|Crime|Thriller,155,movie,Keith Szarabajka,87957,2,,,,Stephens,,,,,,,16,minor,,,
The Dark Knight,2008,2008,Action|Crime|Thriller,155,movie,Colin McFarlane,128386,2,,,,Loeb,,,,,,,17,minor,,,
The Dark Knight,2008,2008,Action|Crime|Thriller,155,movie,Joshua Harto,34544,2,,,,Reese,,,,,,,18,minor,,,
The Dark Knight,2008,2008,Action|Crime|Thriller,155,movie,Melinda McGraw,58692,1,,,,Barbara Gordon,,,,,,,19,minor,,,
The Dark Knight,2008,2008,Action|Crime|Thriller,155,movie,Nathan Gamble,18052,2,,,,James Gordon,,,,,,,20,minor,,,
Parasite,2019,2019,Comedy|Thriller|Drama,496243,movie,Song Kang-ho,20738,2,,,,Kim Ki-taek,,,,,,,1,lead,,,
Parasite,2019,2019,Comedy|Thriller|Drama,496243,movie,Lee Sun-kyun,115290,2,,,,Park Dong-ik,,,,,,,2,lead,,,
Parasite,2019,2019,Comedy|Thriller|Drama,496243,movie,Cho Yeo-jeong,556435,1,,,,Yeon-kyo,,,,,,,3,lead,,,
Parasite,2019,2019,Comedy|Thriller|Drama,496243,movie,Choi Woo-shik,1255881,2,,,,Ki-woo,,,,,,,4,supporting,,,
Parasite,2019,2019,Comedy|Thriller|Drama,496243,movie,Park So-dam,1442583,1,,,,Ki-jung,,,,,,,5,supporting,,,
Parasite,2019,2019,Comedy|Thriller|Drama,496243,movie,Lee Jung-eun,1572354,1,,,,Moon-gwang,,,,,,,6,supporting,,,
Parasite,2019,2019,Comedy|Thriller|Drama,496243,movie,Jang Hye-jin,2158882,1,,,,Chung-sook,,,,,,,7,supporting,,,
Parasite,2019,2019,Comedy|Thriller|Drama,496243,movie,Park Myung-hoon,1694435,2,,,,Geun-se,,,,,,,8,supporting,,,
Parasite,2019,2019,Comedy|Thriller|Drama,496243,movie,Jung Zi-so,1418762,1,,,,Da-hye,,,,,,,9,supporting,,,
Parasite,2019,2019,Comedy|Thriller|Drama,496243,movie,Jung Hyeon-jun,2306987,2,,,,Da-song,,,,,,,10,supporting,,,
Parasite,2019,2019,Comedy|Thriller|Drama,496243,movie,Park Keun-rok,1709230,2,,,,Driver Yoon,,,,,,,11,minor,,,
Parasite,2019,2019,Comedy|Thriller|Drama,496243,movie,Jung Yi-seo,2326809,1,,,,Pizza Manager,,,,,,,12,minor,,,
Parasite,2019,2019,Comedy|Thriller|Drama,496243,movie,Cho Jae-myung,2478772,2,,,,Pizza Man,,,,,,,13,minor,,,
Parasite,2019,2019,Comedy|Thriller|Drama,496243,movie,Jeong Ik-han,2326615,2,,,,Neighbor,,,,,,,14,minor,,,
Parasite,2019,2019,Comedy|Thriller|Drama,496243,movie,Kim Kyu-baek,2478781,2,,,,Drunk 1,,,,,,,15,minor,,,
Parasite,2019,2019,Comedy|Thriller|Drama,496243,movie,Lee Dong-yong,2159392,2,,,,Drunk 2,,,,,,,16,minor,,,
Parasite,2019,2019,Comedy|Thriller|Drama,496243,movie,Ahn Seong-bong,2379047,2,,,,Street Man,,,,,,,17,minor,,,
Parasite,2019,2019,Comedy|Thriller|Drama,496243,movie,Yoon Young-woo,2499966,0,,,,Benz Dealer,,,,,,,18,minor,,,
Parasite,2019,2019,Comedy|Thriller|Drama,496243,movie,Park Jae-wook,1419705,2,,,,VR Specialist,,,,,,,19,minor,,,
Parasite,2019,2019,Comedy|Thriller|Drama,496243,movie,Jeon Eun-mi,2538209,1,,,,Mart Cashier,,,,,,,20,minor,,,
Pulp Fiction,1994,1994,Thriller|Crime|Comedy,680,movie,John Travolta,8891,2,,,,Vincent Vega,,,,,,,1,lead,,,
Pulp Fiction,1994,1994,Thriller|Crime|Comedy,680,movie,Samuel L. Jackson,2231,2,,,,Jules Winnfield,,,,,,,2,lead,,,
Pulp Fiction,1994,1994,Thriller|Crime|Comedy,680,movie,Uma Thurman,139,1,,,,Mia Wallace,,,,,,,3,lead,,,
Pulp Fiction,1994,1994,Thriller|Crime|Comedy,680,movie,Bruce Willis,62,2,,,,Butch Coolidge,,,,,,,4,supporting,,,
Pulp Fiction,1994,1994,Thriller|Crime|Comedy,680,movie,Ving Rhames,10182,2,,,,Marsellus Wallace,,,,,,,5,supporting,,,
Pulp Fiction,1994,1994,Thriller|Crime|Comedy,680,movie,Harvey Keitel,1037,2,,,,The Wolf,,,,,,,6,supporting,,,
Pulp Fiction,1994,1994,Thriller|Crime|Comedy,680,movie,Eric Stoltz,7036,2,,,,Lance,,,,,,,7,supporting,,,
Pulp Fiction,1994,1994,Thriller|Crime|Comedy,680,movie,Tim Roth,3129,2,,,,Pumpkin,,,,,,,8,supporting,,,
Pulp Fiction,1994,1994,Thriller|Crime|Comedy,680,movie,Amanda Plummer,99,1,,,,Honey Bunny,,,,,,,9,supporting,,,
Pulp Fiction,1994,1994,Thriller|Crime|Comedy,680,movie,Maria de Medeiros,2319,1,,,,Fabienne,,,,,,,10,supporting,,,
Pulp Fiction,1994,1994,Thriller|Crime|Comedy,680,movie,Quentin Tarantino,138,2,,,,Jimmie Dimmick,,,,,,,11,minor,,,
Pulp Fiction,1994,1994,Thriller|Crime|Comedy,680,movie,Christopher Walken,4690,2,,,,Captain Koons,,,,,,,12,minor,,,
Pulp Fiction,1994,1994,Thriller|Crime|Comedy,680,movie,Rosanna Arquette,2165,1,,,,Jody,,,,,,,13,minor,,,
Pulp Fiction,1994,1994,Thriller|Crime|Comedy,680,movie,Peter Greene,11803,2,,,,Zed,,,,,,,14,minor,,,
Pulp Fiction,1994,1994,Thriller|Crime|Comedy,680,movie,Duane Whitaker,11804,2,,,,Maynard,,,,,,,15,minor,,,
Pulp Fiction,1994,1994,Thriller|Crime|Comedy,680,movie,Angela Jones,71836,1,,,,Esmarelda Villalobos,,,,,,,16,minor,,,
Pulp Fiction,1994,1994,Thriller|Crime|Comedy,680,movie,Phil LaMarr,31549,2,,,,Marvin,,,,,,,17,minor,,,
Pulp Fiction,1994,1994,Thriller|Crime|Comedy,680,movie,Steve Buscemi,884,2,,,,Buddy Holly,,,,,,,18,minor,,,
Pulp Fiction,1994,1994,Thriller|Crime|Comedy,680,movie,Bronagh Gallagher,33399,1,,,,Trudi,,,,,,,19,minor,,,
Pulp Fiction,1994,1994,Thriller|Crime|Comedy,680,movie,Laura Lovelace,11807,1,,,,Waitress,,,,,,,20,minor,,,
Forrest Gump,1994,1994,Comedy|Drama|Romance,13,movie,Tom Hanks,31,2,,,,Forrest Gump,,,,,,,1,lead,,,
Forrest Gump,1994,1994,Comedy|Drama|Romance,13,movie,Robin Wright,32,1,,,,Jenny Curran,,,,,,,2,lead,,,
Forrest Gump,1994,1994,Comedy|Drama|Romance,13,movie,Gary Sinise,33,2,,,,Lieutenant Dan Taylor,,,,,,,3,lead,,,
Forrest Gump,1994,1994,Comedy|Drama|Romance,13,movie,Sally Field,35,1,,,,Mrs. Gump,,,,,,,4,supporting,,,
Forrest Gump,1994,1994,Comedy|Drama|Romance,13,movie,Mykelti Williamson,34,2,,,,Bubba Blue,,,,,,,5,supporting,,,
Forrest Gump,1994,1994,Comedy|Drama|Romance,13,movie,Michael Conner Humphreys,37821,2,,,,Young Forrest Gump,,,,,,,6,supporting,,,
Forrest Gump,1994,1994,Comedy|Drama|Romance,13,movie,Hanna Hall,204997,1,,,,Young Jenny Curran,,,,,,,7,supporting,,,
Forrest Gump,1994,1994,Comedy|Drama|Romance,13,movie,Haley Joel Osment,9640,2,,,,Forrest Junior,,,,,,,8,supporting,,,
Forrest Gump,1994,1994,Comedy|Drama|Romance,13,movie,Siobhan Fallon Hogan,6751,1,,,,School Bus Driver,,,,,,,9,supporting,,,
Forrest Gump,1994,1994,Comedy|Drama|Romance,13,movie,Rebecca Williams,3817610,1,,,,Nurse at Park Bench,,,,,,,10,supporting,,,
Forrest Gump,1994,1994,Comedy|Drama|Romance,13,movie,Bob Penny,196855,2,,,,Crony,,,,,,,11,minor,,,
Forrest Gump,1994,1994,Comedy|Drama|Romance,13,movie,Harold G. Herthum,3052237,2,,,,Doctor,,,,,,,12,minor,,,
Forrest Gump,1994,1994,Comedy|Drama|Romance,13,movie,George Kelly,951881,2,,,,Barber,,,,,,,13,minor,,,
Forrest Gump,1994,1994,Comedy|Drama|Romance,13,movie,John Randall,3817629,2,,,,Crony,,,,,,,14,minor,,,
Forrest Gump,1994,1994,Comedy|Drama|Romance,13,movie,Sam Anderson,36221,2,,,,Principal Hancock,,,,,,,15,minor,,,
Forrest Gump,1994,1994,Comedy|Drama|Romance,13,movie,Margo Moorer,1215432,1,,,,Louise,,,,,,,16,minor,,,
Forrest Gump,1994,1994,Comedy|Drama|Romance,13,movie,Ione M. Telech,3817635,1,,,,Elderly Woman,,,,,,,17,minor,,,
Forrest Gump,1994,1994,Comedy|Drama|Romance,13,movie,Christine Seabrook,3817637,1,,,,Elderly Woman's Daughter,,,,,,,18,minor,,,
Forrest Gump,1994,1994,Comedy|Drama|Romance,13,movie,John Worsham,946856,2,,,,Southern Gentleman / Landowner,,,,,,,19,minor,,,
Forrest Gump,1994,1994,Comedy|Drama|Romance,13,movie,Peter Dobson,37822,2,,,,Young Elvis Presley,,,,,,,20,minor,,,
Spider-Man: Into the Spider-Verse,2018,2018,Animation|Action|Adventure|Science Fiction,324857,movie,Shameik Moore,587506,2,,,,Miles Morales (voice),,,,,,,1,lead,,,
Spider-Man: Into the Spider-Verse,2018,2018,Animation|Action|Adventure|Science Fiction,324857,movie,Jake Johnson,543505,2,,,,Peter B. Parker (voice),,,,,,,2,lead,,,
Spider-Man: Into the Spider-Verse,2018,2018,Animation|Action|Adventure|Science Fiction,324857,movie,Hailee Steinfeld,130640,1,,,,Gwen Stacy (voice),,,,,,,3,lead,,,
Spider-Man: Into the Spider-Verse,2018,2018,Animation|Action|Adventure|Science Fiction,324857,movie,Mahershala Ali,932967,2,,,,Uncle Aaron (voice),,,,,,,4,supporting,,,
Spider-Man: Into the Spider-Verse,2018,2018,Animation|Action|Adventure|Science Fiction,324857,movie,Brian Tyree Henry,226366,2,,,,Jefferson Davis (voice),,,,,,,5,supporting,,,
Spider-Man: Into the Spider-Verse,2018,2018,Animation|Action|Adventure|Science Fiction,324857,movie,Lily Tomlin,10437,1,,,,Aunt May (voice),,,,,,,6,supporting,,,
Spider-Man: Into the Spider-Verse,2018,2018,Animation|Action|Adventure|Science Fiction,324857,movie,Luna Lauren Vélez,141610,1,,,,Rio Morales (voice),,,,,,,7,supporting,,,
Spider-Man: Into the Spider-Verse,2018,2018,Animation|Action|Adventure|Science Fiction,324857,movie,Zoë Kravitz,37153,1,,,,Mary Jane (voice),,,,,,,8,supporting,,,
Spider-Man: Into the Spider-Verse,2018,2018,Animation|Action|Adventure|Science Fiction,324857,movie,John Mulaney,933558,2,,,,Spider-Ham (voice),,,,,,,9,supporting,,,
Spider-Man: Into the Spider-Verse,2018,2018,Animation|Action|Adventure|Science Fiction,324857,movie,Kimiko Glenn,1443708,1,,,,Peni Parker (voice),,,,,,,10,supporting,,,
Spider-Man: Into the Spider-Verse,2018,2018,Animation|Action|Adventure|Science Fiction,324857,movie,Nicolas Cage,2963,2,,,,Spider-Man Noir (voice),,,,,,,11,minor,,,
Spider-Man: Into the Spider-Verse,2018,2018,Animation|Action|Adventure|Science Fiction,324857,movie,Kathryn Hahn,17696,1,,,,Doc Ock (voice),,,,,,,12,minor,,,
Spider-Man: Into the Spider-Verse,2018,2018,Animation|Action|Adventure|Science Fiction,324857,movie,Liev Schreiber,23626,2,,,,Wilson Fisk (voice),,,,,,,13,minor,,,
Spider-Man: Into the Spider-Verse,2018,2018,Animation|Action|Adventure|Science Fiction,324857,movie,Chris Pine,62064,2,,,,Peter Parker (voice),,,,,,,14,minor,,,
Spider-Man: Into the Spider-Verse,2018,2018,Animation|Action|Adventure|Science Fiction,324857,movie,Natalie Morales,118752,1,,,,Miss Calleros (voice),,,,,,,15,minor,,,
Spider-Man: Into the Spider-Verse,2018,2018,Animation|Action|Adventure|Science Fiction,324857,movie,Edwin H. Bravo,1746631,2,,,,Brooklyn Visions Security Guard (voice),,,,,,,16,minor,,,
Spider-Man: Into the Spider-Verse,2018,2018,Animation|Action|Adventure|Science Fiction,324857,movie,Oscar Isaac,25072,2,,,,Interesting Person #1 (voice),,,,,,,17,minor,,,
Spider-Man: Into the Spider-Verse,2018,2018,Animation|Action|Adventure|Science Fiction,324857,movie,Greta Lee,1260481,1,,,,Interesting Person #2 (voice),,,,,,,18,minor,,,
Spider-Man: Into the Spider-Verse,2018,2018,Animation|Action|Adventure|Science Fiction,324857,movie,Stan Lee,7624,2,,,,Stan (voice),,,,,,,19,minor,,,
Spider-Man: Into the Spider-Verse,2018,2018,Animation|Action|Adventure|Science Fiction,324857,movie,Jorma Taccone,62863,2,,,,Green Goblin / Last Dude (voice),,,,,,,20,minor,,,
Inception,2010,2010,Action|Science Fiction|Adventure,27205,movie,Leonardo DiCaprio,6193,2,,,,Dom Cobb,,,,,,,1,lead,,,
Inception,2010,2010,Action|Science Fiction|Adventure,27205,movie,Joseph Gordon-Levitt,24045,2,,,,Arthur,,,,,,,2,lead,,,
Inception,2010,2010,Action|Science Fiction|Adventure,27205,movie,Ken Watanabe,3899,2,,,,Saito,,,,,,,3,lead,,,
Inception,2010,2010,Action|Science Fiction|Adventure,27205,movie,Tom Hardy,2524,2,,,,Eames,,,,,,,4,supporting,,,
Inception,2010,2010,Action|Science Fiction|Adventure,27205,movie,Elliot Page,27578,3,,,,Ariadne,,,,,,,5,supporting,,,
Inception,2010,2010,Action|Science Fiction|Adventure,27205,movie,Dileep Rao,95697,2,,,,Yusuf,,,,,,,6,supporting,,,
Inception,2010,2010,Action|Science Fiction|Adventure,27205,movie,Cillian Murphy,2037,2,,,,"Robert Fischer, Jr.",,,,,,,7,supporting,,,
Inception,2010,2010,Action|Science Fiction|Adventure,27205,movie,Tom Berenger,13022,2,,,,Peter Browning,,,,,,,8,supporting,,,
Inception,2010,2010,Action|Science Fiction|Adventure,27205,movie,Marion Cotillard,8293,1,,,,Mal Cobb,,,,,,,9,supporting,,,
Inception,2010,2010,Action|Science Fiction|Adventure,27205,movie,Pete Postlethwaite,4935,2,,,,Maurice Fischer,,,,,,,10,supporting,,,
Inception,2010,2010,Action|Science Fiction|Adventure,27205,movie,Michael Caine,3895,2,,,,Stephen Miles,,,,,,,11,minor,,,
Inception,2010,2010,Action|Science Fiction|Adventure,27205,movie,Lukas Haas,526,2,,,,Nash,,,,,,,12,minor,,,
Inception,2010,2010,Action|Science Fiction|Adventure,27205,movie,Talulah Riley,66441,1,,,,Blonde,,,,,,,13,minor,,,
Inception,2010,2010,Action|Science Fiction|Adventure,27205,movie,Tohoru Masamune,173212,2,,,,Japanese Security Guard,,,,,,,14,minor,,,
Inception,2010,2010,Action|Science Fiction|Adventure,27205,movie,Taylor Geare,967376,1,,,,Phillipa (5 years),,,,,,,15,minor,,,
Inception,2010,2010,Action|Science Fiction|Adventure,27205,movie,Claire Geare,973135,1,,,,Phillipa (3 years),,,,,,,16,minor,,,
Inception,2010,2010,Action|Science Fiction|Adventure,27205,movie,Johnathan Geare,1677266,2,,,,James (3 years),,,,,,,17,minor,,,
Inception,2010,2010,Action|Science Fiction|Adventure,27205,movie,Yuji Okumoto,56120,2,,,,Saito's Attendant,,,,,,,18,minor,,,
Inception,2010,2010,Action|Science Fiction|Adventure,27205,movie,Earl Cameron,2246,2,,,,Elderly Bald Man,,,,,,,19,minor,,,
Inception,2010,2010,Action|Science Fiction|Adventure,27205,movie,Ryan Hayward,1677267,2,,,,Lawyer,,,,,,,20,minor,,,
Back To The Future,1985,1985,Adventure|Comedy|Science Fiction,105,movie,Michael J. Fox,521,2,,,,Marty McFly,,,,,,,1,lead,,,
Back To The Future,1985,1985,Adventure|Comedy|Science Fiction,105,movie,Christopher Lloyd,1062,2,,,,Emmett Brown,,,,,,,2,lead,,,
Back To The Future,1985,1985,Adventure|Comedy|Science Fiction,105,movie,Crispin Glover,1064,2,,,,George McFly,,,,,,,3,lead,,,
Back To The Future,1985,1985,Adventure|Comedy|Science Fiction,105,movie,Lea Thompson,1063,1,,,,Lorraine Baines,,,,,,,4,supporting,,,
Back To The Future,1985,1985,Adventure|Comedy|Science Fiction,105,movie,Claudia Wells,1066,1,,,,Jennifer Parker,,,,,,,5,supporting,,,
Back To The Future,1985,1985,Adventure|Comedy|Science Fiction,105,movie,Thomas F. Wilson,1065,2,,,,Biff Tannen,,,,,,,6,supporting,,,
Back To The Future,1985,1985,Adventure|Comedy|Science Fiction,105,movie,Marc McClure,1067,2,,,,Dave McFly,,,,,,,7,supporting,,,
Back To The Future,1985,1985,Adventure|Comedy|Science Fiction,105,movie,Wendie Jo Sperber,1068,1,,,,Linda McFly,,,,,,,8,supporting,,,
Back To The Future,1985,1985,Adventure|Comedy|Science Fiction,105,movie,George DiCenzo,1069,2,,,,Sam Baines,,,,,,,9,supporting,,,
Back To The Future,1985,1985,Adventure|Comedy|Science Fiction,105,movie,Frances Lee McCain,1070,1,,,,Stella Baines,,,,,,,10,supporting,,,
Back To The Future,1985,1985,Adventure|Comedy|Science Fiction,105,movie,James Tolkan,1072,2,,,,Mr. Strickland,,,,,,,11,minor,,,
Back To The Future,1985,1985,Adventure|Comedy|Science Fiction,105,movie,J.J. Cohen,11673,2,,,,Skinhead,,,,,,,12,minor,,,
Back To The Future,1985,1985,Adventure|Comedy|Science Fiction,105,movie,Casey Siemaszko,1953,2,,,,3-D,,,,,,,13,minor,,,
Back To The Future,1985,1985,Adventure|Comedy|Science Fiction,105,movie,Billy Zane,1954,2,,,,Match,,,,,,,14,minor,,,
Back To The Future,1985,1985,Adventure|Comedy|Science Fiction,105,movie,"Harry Waters, Jr.",1074,2,,,,Marvin Berry,,,,,,,15,minor,,,
Back To The Future,1985,1985,Adventure|Comedy|Science Fiction,105,movie,Donald Fullilove,84494,2,,,,Goldie Wilson,,,,,,,16,minor,,,
Back To The Future,1985,1985,Adventure|Comedy|Science Fiction,105,movie,Lisa Freeman,97708,1,,,,Babs,,,,,,,17,minor,,,
Back To The Future,1985,1985,Adventure|Comedy|Science Fiction,105,movie,Cristen Kauffman,1116544,1,,,,Betty,,,,,,,18,minor,,,
Back To The Future,1985,1985,Adventure|Comedy|Science Fiction,105,movie,Elsa Raven,172280,1,,,,Clocktower Lady,,,,,,,19,minor,,,
Back To The Future,1985,1985,Adventure|Comedy|Science Fiction,105,movie,Will Hare,97718,2,,,,Pa Peabody,,,,,,,20,minor,,,
The Wild Robot,2024,2024,Family|Animation|Science Fiction|Adventure,1184918,movie,Lupita Nyong'o,1267329,1,,,,Roz / Rummage (voice),,,,,,,1,lead,,,
The Wild Robot,2024,2024,Family|Animation|Science Fiction|Adventure,1184918,movie,Pedro Pascal,1253360,2,,,,Fink (voice),,,,,,,2,lead,,,
The Wild Robot,2024,2024,Family|Animation|Science Fiction|Adventure,1184918,movie,Kit Connor,1538851,2,,,,Brightbill (voice),,,,,,,3,lead,,,
The Wild Robot,2024,2024,Family|Animation|Science Fiction|Adventure,1184918,movie,Bill Nighy,2440,2,,,,Longneck (voice),,,,,,,4,supporting,,,
The Wild Robot,2024,2024,Family|Animation|Science Fiction|Adventure,1184918,movie,Stephanie Hsu,1381186,1,,,,Vontra (voice),,,,,,,5,supporting,,,
The Wild Robot,2024,2024,Family|Animation|Science Fiction|Adventure,1184918,movie,Matt Berry,1488236,2,,,,Paddler (voice),,,,,,,6,supporting,,,
The Wild Robot,2024,2024,Family|Animation|Science Fiction|Adventure,1184918,movie,Ving Rhames,10182,2,,,,Thunderbolt (voice),,,,,,,7,supporting,,,
The Wild Robot,2024,2024,Family|Animation|Science Fiction|Adventure,1184918,movie,Mark Hamill,2,2,,,,Thorn (voice),,,,,,,8,supporting,,,
The Wild Robot,2024,2024,Family|Animation|Science Fiction|Adventure,1184918,movie,Catherine O'Hara,11514,1,,,,Pinktail (voice),,,,,,,9,supporting,,,
The Wild Robot,2024,2024,Family|Animation|Science Fiction|Adventure,1184918,movie,Boone Storm,4967567,2,,,,Baby Brightbill (voice),,,,,,,10,supporting,,,
The Wild Robot,2024,2024,Family|Animation|Science Fiction|Adventure,1184918,movie,Alexandra Novelle,3745698,1,,,,Snowdown (voice),,,,,,,11,minor,,,
The Wild Robot,2024,2024,Family|Animation|Science Fiction|Adventure,1184918,movie,Raphael Alejandro,1368512,2,,,,Peck (voice),,,,,,,12,minor,,,
The Wild Robot,2024,2024,Family|Animation|Science Fiction|Adventure,1184918,movie,Paul-Mikél Williams,1975196,2,,,,Feather (voice),,,,,,,13,minor,,,
The Wild Robot,2024,2024,Family|Animation|Science Fiction|Adventure,1184918,movie,Eddie Park,3745667,2,,,,Honkington (voice),,,,,,,14,minor,,,
The Wild Robot,2024,2024,Family|Animation|Science Fiction|Adventure,1184918,movie,Dee Bradley Baker,23680,2,,,,Raccoons / Squirrels / Badgers (voice),,,,,,,15,minor,,,
The Wild Robot,2024,2024,Family|Animation|Science Fiction|Adventure,1184918,movie,Randy Thom,42267,2,,,,RECOs (voice),,,,,,,16,minor,,,
The Wild Robot,2024,2024,Family|Animation|Science Fiction|Adventure,1184918,movie,Avrielle Corti,112330,1,,,,Automated Alarms (voice),,,,,,,17,minor,,,
The Wild Robot,2024,2024,Family|Animation|Science Fiction|Adventure,1184918,movie,Keston John,1152021,2,,,,Weasel 1 (voice),,,,,,,18,minor,,,
The Wild Robot,2024,2024,Family|Animation|Science Fiction|Adventure,1184918,movie,Max Mittelman,1379386,2,,,,Weasel 2 (voice),,,,,,,19,minor,,,
The Wild Robot,2024,2024,Family|Animation|Science Fiction|Adventure,1184918,movie,Piotr Michael,1449707,2,,,,Broadfoot / Weasel 3 (voice),,,,,,,20,minor,,,
Avengers: Endgame,2019,2019,Adventure|Science Fiction|Action,299534,movie,Robert Downey Jr.,3223,2,,,,Tony Stark / Iron Man,,,,,,,1,lead,,,
Avengers: Endgame,2019,2019,Adventure|Science Fiction|Action,299534,movie,Chris Evans,16828,2,,,,Steve Rogers / Captain America,,,,,,,2,lead,,,
Avengers: Endgame,2019,2019,Adventure|Science Fiction|Action,299534,movie,Mark Ruffalo,103,2,,,,Bruce Banner / Hulk,,,,,,,3,lead,,,
Avengers: Endgame,2019,2019,Adventure|Science Fiction|Action,299534,movie,Chris Hemsworth,74568,2,,,,Thor,,,,,,,4,supporting,,,
Avengers: Endgame,2019,2019,Adventure|Science Fiction|Action,299534,movie,Scarlett Johansson,1245,1,,,,Natasha Romanoff / Black Widow,,,,,,,5,supporting,,,
Avengers: Endgame,2019,2019,Adventure|Science Fiction|Action,299534,movie,Jeremy Renner,17604,2,,,,Clint Barton / Hawkeye,,,,,,,6,supporting,,,
Avengers: Endgame,2019,2019,Adventure|Science Fiction|Action,299534,movie,Josh Brolin,16851,2,,,,Thanos,,,,,,,7,supporting,,,
Avengers: Endgame,2019,2019,Adventure|Science Fiction|Action,299534,movie,Don Cheadle,1896,2,,,,James Rhodes / War Machine,,,,,,,8,supporting,,,
Avengers: Endgame,2019,2019,Adventure|Science Fiction|Action,299534,movie,Paul Rudd,22226,2,,,,Scott Lang / Ant-Man,,,,,,,9,supporting,,,
Avengers: Endgame,2019,2019,Adventure|Science Fiction|Action,299534,movie,Benedict Cumberbatch,71580,2,,,,Doctor Strange,,,,,,,10,supporting,,,
Avengers: Endgame,2019,2019,Adventure|Science Fiction|Action,299534,movie,Chadwick Boseman,172069,2,,,,T'Challa / Black Panther,,,,,,,11,minor,,,
Avengers: Endgame,2019,2019,Adventure|Science Fiction|Action,299534,movie,Brie Larson,60073,1,,,,Carol Danvers / Captain Marvel,,,,,,,12,minor,,,
Avengers: Endgame,2019,2019,Adventure|Science Fiction|Action,299534,movie,Tom Holland,1136406,2,,,,Peter Parker / Spider-Man,,,,,,,13,minor,,,
Avengers: Endgame,2019,2019,Adventure|Science Fiction|Action,299534,movie,Karen Gillan,543261,1,,,,Nebula,,,,,,,14,minor,,,
Avengers: Endgame,2019,2019,Adventure|Science Fiction|Action,299534,movie,Zoe Saldaña,8691,1,,,,Gamora,,,,,,,15,minor,,,
Avengers: Endgame,2019,2019,Adventure|Science Fiction|Action,299534,movie,Evangeline Lilly,19034,1,,,,Hope Van Dyne / Wasp,,,,,,,16,minor,,,
Avengers: Endgame,2019,2019,Adventure|Science Fiction|Action,299534,movie,Tessa Thompson,62561,1,,,,Valkyrie,,,,,,,17,minor,,,
Avengers: Endgame,2019,2019,Adventure|Science Fiction|Action,299534,movie,Rene Russo,14343,1,,,,Frigga,,,,,,,18,minor,,,
Avengers: Endgame,2019,2019,Adventure|Science Fiction|Action,299534,movie,Elizabeth Olsen,550843,1,,,,Wanda Maximoff / Scarlet Witch,,,,,,,19,minor,,,
Avengers: Endgame,2019,2019,Adventure|Science Fiction|Action,299534,movie,Anthony Mackie,53650,2,,,,Sam Wilson / Falcon,,,,,,,20,minor,,,
Avengers: Infinity War,2018,2018,Adventure|Action|Science Fiction,299536,movie,Robert Downey Jr.,3223,2,,,,Tony Stark / Iron Man,,,,,,,1,lead,,,
Avengers: Infinity War,2018,2018,Adventure|Action|Science Fiction,299536,movie,Chris Evans,16828,2,,,,Steve Rogers / Captain America,,,,,,,2,lead,,,
Avengers: Infinity War,2018,2018,Adventure|Action|Science Fiction,299536,movie,Chris Hemsworth,74568,2,,,,Thor,,,,,,,3,lead,,,
Avengers: Infinity War,2018,2018,Adventure|Action|Science Fiction,299536,movie,Josh Brolin,16851,2,,,,Thanos,,,,,,,4,supporting,,,
Avengers: Infinity War,2018,2018,Adventure|Action|Science Fiction,299536,movie,Mark Ruffalo,103,2,,,,Bruce Banner / Hulk,,,,,,,5,supporting,,,
Avengers: Infinity War,2018,2018,Adventure|Action|Science Fiction,299536,movie,Scarlett Johansson,1245,1,,,,Natasha Romanoff / Black Widow,,,,,,,6,supporting,,,
Avengers: Infinity War,2018,2018,Adventure|Action|Science Fiction,299536,movie,Don Cheadle,1896,2,,,,James Rhodes / War Machine,,,,,,,7,supporting,,,
Avengers: Infinity War,2018,2018,Adventure|Action|Science Fiction,299536,movie,Benedict Cumberbatch,71580,2,,,,Doctor Strange,,,,,,,8,supporting,,,
Avengers: Infinity War,2018,2018,Adventure|Action|Science Fiction,299536,movie,Tom Holland,1136406,2,,,,Peter Parker / Spider-Man,,,,,,,9,supporting,,,
Avengers: Infinity War,2018,2018,Adventure|Action|Science Fiction,299536,movie,Chadwick Boseman,172069,2,,,,T'Challa / Black Panther,,,,,,,10,supporting,,,
Avengers: Infinity War,2018,2018,Adventure|Action|Science Fiction,299536,movie,Zoe Saldaña,8691,1,,,,Gamora,,,,,,,11,minor,,,
Avengers: Infinity War,2018,2018,Adventure|Action|Science Fiction,299536,movie,Karen Gillan,543261,1,,,,Nebula,,,,,,,12,minor,,,
Avengers: Infinity War,2018,2018,Adventure|Action|Science Fiction,299536,movie,Tom Hiddleston,91606,2,,,,Loki,,,,,,,13,minor,,,
Avengers: Infinity War,2018,2018,Adventure|Action|Science Fiction,299536,movie,Paul Bettany,6162,2,,,,Vision,,,,,,,14,minor,,,
Avengers: Infinity War,2018,2018,Adventure|Action|Science Fiction,299536,movie,Elizabeth Olsen,550843,1,,,,Wanda Maximoff / Scarlet Witch,,,,,,,15,minor,,,
Avengers: Infinity War,2018,2018,Adventure|Action|Science Fiction,299536,movie,Anthony Mackie,53650,2,,,,Sam Wilson / Falcon,,,,,,,16,minor,,,
Avengers: Infinity War,2018,2018,Adventure|Action|Science Fiction,299536,movie,Sebastian Stan,60898,2,,,,Bucky Barnes / Winter Soldier,,,,,,,17,minor,,,
Avengers: Infinity War,2018,2018,Adventure|Action|Science Fiction,299536,movie,Idris Elba,17605,2,,,,Heimdall,,,,,,,18,minor,,,
Avengers: Infinity War,2018,2018,Adventure|Action|Science Fiction,299536,movie,Danai Gurira,82104,1,,,,Okoye,,,,,,,19,minor,,,
Avengers: Infinity War,2018,2018,Adventure|Action|Science Fiction,299536,movie,Peter Dinklage,22970,2,,,,Eitri,,,,,,,20,minor,,,
Inglourious Basterds,2009,2009,Drama|Thriller|War,16869,movie,Brad Pitt,287,2,,,,LT. Aldo Raine,,,,,,,1,lead,,,
Inglourious Basterds,2009,2009,Drama|Thriller|War,16869,movie,Mélanie Laurent,19119,1,,,,Shosanna,,,,,,,2,lead,,,
Inglourious Basterds,2009,2009,Drama|Thriller|War,16869,movie,Christoph Waltz,27319,2,,,,COL. Hans Landa,,,,,,,3,lead,,,
Inglourious Basterds,2009,2009,Drama|Thriller|War,16869,movie,Eli Roth,16847,2,,,,SGT. Donny Donowitz,,,,,,,4,supporting,,,
Inglourious Basterds,2009,2009,Drama|Thriller|War,16869,movie,Michael Fassbender,17288,2,,,,LT. Archie Hicox,,,,,,,5,supporting,,,
Inglourious Basterds,2009,2009,Drama|Thriller|War,16869,movie,Diane Kruger,9824,1,,,,Bridget von Hammersmark,,,,,,,6,supporting,,,
Inglourious Basterds,2009,2009,Drama|Thriller|War,16869,movie,Daniel Brühl,3872,2,,,,Fredrick Zoller,,,,,,,7,supporting,,,
Inglourious Basterds,2009,2009,Drama|Thriller|War,16869,movie,Til Schweiger,1844,2,,,,SGT. Hugo Stiglitz,,,,,,,8,supporting,,,
Inglourious Basterds,2009,2009,Drama|Thriller|War,16869,movie,Gedeon Burkhard,32823,2,,,,CPL. Wilhelm Wicki,,,,,,,9,supporting,,,
Inglourious Basterds,2009,2009,Drama|Thriller|War,16869,movie,Jacky Ido,51636,2,,,,Marcel,,,,,,,10,supporting,,,
Inglourious Basterds,2009,2009,Drama|Thriller|War,16869,movie,B. J. Novak,107770,2,,,,PFC. Smithson Utivich,,,,,,,11,minor,,,
Inglourious Basterds,2009,2009,Drama|Thriller|War,16869,movie,Omar Doom,23286,2,,,,PFC. Omar Ulmer,,,,,,,12,minor,,,
Inglourious Basterds,2009,2009,Drama|Thriller|War,16869,movie,August Diehl,6091,2,,,,Major Hellstrom,,,,,,,13,minor,,,
Inglourious Basterds,2009,2009,Drama|Thriller|War,16869,movie,Denis Ménochet,81125,2,,,,Perrier LaPadite,,,,,,,14,minor,,,
Inglourious Basterds,2009,2009,Drama|Thriller|War,16869,movie,Sylvester Groth,41965,2,,,,Joseph Goebbels,,,,,,,15,minor,,,
Inglourious Basterds,2009,2009,Drama|Thriller|War,16869,movie,Martin Wuttke,49056,2,,,,Hitler,,,,,,,16,minor,,,
Inglourious Basterds,2009,2009,Drama|Thriller|War,16869,movie,Mike Myers,12073,2,,,,General Ed Fenech,,,,,,,17,minor,,,
Inglourious Basterds,2009,2009,Drama|Thriller|War,16869,movie,Julie Dreyfus,2539,1,,,,Francesca Mondino,,,,,,,18,minor,,,
Inglourious Basterds,2009,2009,Drama|Thriller|War,16869,movie,Richard Sammel,49487,2,,,,SGT. Rachtman,,,,,,,19,minor,,,
Inglourious Basterds,2009,2009,Drama|Thriller|War,16869,movie,Alexander Fehling,31663,2,,,,Master SGT. Wilhelm / Pola Negri,,,,,,,20,minor,,,
Whiplash,2014,2014,Drama|Music|Thriller,244786,movie,Miles Teller,996701,2,,,,Andrew,,,,,,,1,lead,,,
Whiplash,2014,2014,Drama|Music|Thriller,244786,movie,J.K. Simmons,18999,2,,,,Fletcher,,,,,,,2,lead,,,
Whiplash,2014,2014,Drama|Music|Thriller,244786,movie,Paul Reiser,781,2,,,,Jim,,,,,,,3,lead,,,
Whiplash,2014,2014,Drama|Music|Thriller,244786,movie,Melissa Benoist,129104,1,,,,Nicole,,,,,,,4,supporting,,,
Whiplash,2014,2014,Drama|Music|Thriller,244786,movie,Austin Stowell,970216,2,,,,Ryan,,,,,,,5,supporting,,,
Whiplash,2014,2014,Drama|Music|Thriller,244786,movie,Nate Lang,1451540,2,,,,Carl,,,,,,,6,supporting,,,
Whiplash,2014,2014,Drama|Music|Thriller,244786,movie,Chris Mulkey,15824,2,,,,Uncle Frank,,,,,,,7,supporting,,,
Whiplash,2014,2014,Drama|Music|Thriller,244786,movie,Damon Gupton,53454,2,,,,Mr. Kramer,,,,,,,8,supporting,,,
Whiplash,2014,2014,Drama|Music|Thriller,244786,movie,Suanne Spoke,1212459,1,,,,Aunt Emma,,,,,,,9,supporting,,,
Whiplash,2014,2014,Drama|Music|Thriller,244786,movie,Max Kasch,52939,2,,,,Dorm Neighbor,,,,,,,10,supporting,,,
Whiplash,2014,2014,Drama|Music|Thriller,244786,movie,Charlie Ian,1451542,2,,,,Dustin,,,,,,,11,minor,,,
Whiplash,2014,2014,Drama|Music|Thriller,244786,movie,Jayson Blair,223012,2,,,,Travis,,,,,,,12,minor,,,
Whiplash,2014,2014,Drama|Music|Thriller,244786,movie,Kofi Siriboe,1451543,2,,,,Bassist (Nassau),,,,,,,13,minor,,,
Whiplash,2014,2014,Drama|Music|Thriller,244786,movie,Kavita Patil,159366,1,,,,Assistant - Sophie,,,,,,,14,minor,,,
Whiplash,2014,2014,Drama|Music|Thriller,244786,movie,C.J. Vana,1451545,2,,,,Metz,,,,,,,15,minor,,,
Whiplash,2014,2014,Drama|Music|Thriller,244786,movie,Tarik Lowe,171766,2,,,,Pianist (Studio Band),,,,,,,16,minor,,,
Whiplash,2014,2014,Drama|Music|Thriller,244786,movie,Tyler Kimball,1398714,2,,,,Saxophonist #2 (Studio Band),,,,,,,17,minor,,,
Whiplash,2014,2014,Drama|Music|Thriller,244786,movie,Rogelio Douglas Jr.,1503721,2,,,,Trumpeter #1 (Studio Band),,,,,,,18,minor,,,
Whiplash,2014,2014,Drama|Music|Thriller,244786,movie,Adrian Burks,1503834,2,,,,Trumpeter #2 (Studio Band),,,,,,,19,minor,,,
Whiplash,2014,2014,Drama|Music|Thriller,244786,movie,Calvin C. Winbush,1145677,2,,,,Saxophonist (Studio Band),,,,,,,20,minor,,,
Puss in Boots,2011,2011,Animation|Family|Fantasy|Adventure|Comedy,417859,movie,Antonio Banderas,3131,2,,,,Puss in Boots (voice),,,,,,,1,lead,,,
Puss in Boots,2011,2011,Animation|Family|Fantasy|Adventure|Comedy,417859,movie,Salma Hayek Pinault,3136,1,,,,Kitty Softpaws (voice),,,,,,,2,lead,,,
Puss in Boots,2011,2011,Animation|Family|Fantasy|Adventure|Comedy,417859,movie,Zach Galifianakis,58225,2,,,,Humpty Dumpty (voice),,,,,,,3,lead,,,
Puss in Boots,2011,2011,Animation|Family|Fantasy|Adventure|Comedy,417859,movie,Billy Bob Thornton,879,2,,,,Jack (voice),,,,,,,4,supporting,,,
Puss in Boots,2011,2011,Animation|Family|Fantasy|Adventure|Comedy,417859,movie,Amy Sedaris,12110,1,,,,Jill (voice),,,,,,,5,supporting,,,
Puss in Boots,2011,2011,Animation|Family|Fantasy|Adventure|Comedy,417859,movie,Constance Marie,92326,1,,,,Imelda (voice),,,,,,,6,supporting,,,
Puss in Boots,2011,2011,Animation|Family|Fantasy|Adventure|Comedy,417859,movie,Mike Mitchell,64151,2,,,,Andy Beanstalk (voice),,,,,,,7,supporting,,,
Puss in Boots,2011,2011,Animation|Family|Fantasy|Adventure|Comedy,417859,movie,Rich Dietl,936666,2,,,,Bounty Hunter (voice),,,,,,,8,supporting,,,
Puss in Boots,2011,2011,Animation|Family|Fantasy|Adventure|Comedy,417859,movie,Guillermo del Toro,10828,2,,,,Comandante / Hombre del bigote (voice),,,,,,,9,supporting,,,
Puss in Boots,2011,2011,Animation|Family|Fantasy|Adventure|Comedy,417859,movie,Conrad Vernon,12080,2,,,,Raoul / Soldier (voice),,,,,,,10,supporting,,,
Puss in Boots,2011,2011,Animation|Family|Fantasy|Adventure|Comedy,417859,movie,Chris Miller,12098,2,,,,Little Boy Blue / Friar Miller / Prison Guard / Manuel / Rafael (voice),,,,,,,11,minor,,,
Puss in Boots,2011,2011,Animation|Family|Fantasy|Adventure|Comedy,417859,movie,Ryan Crego,936667,2,,,,Luis (voice),,,,,,,12,minor,,,
Puss in Boots,2011,2011,Animation|Family|Fantasy|Adventure|Comedy,417859,movie,Tom Wheeler,936668,2,,,,Bartender / Mean Boy / Wagon Driver / Hotel Owner / Rodrigo (voice),,,,,,,13,minor,,,
Puss in Boots,2011,2011,Animation|Family|Fantasy|Adventure|Comedy,417859,movie,Tom McGrath,18864,2,,,,Bar Thief (voice),,,,,,,14,minor,,,
Puss in Boots,2011,2011,Animation|Family|Fantasy|Adventure|Comedy,417859,movie,Bob Joles,179702,2,,,,Giuseppe (voice),,,,,,,15,minor,,,
Puss in Boots,2011,2011,Animation|Family|Fantasy|Adventure|Comedy,417859,movie,Latifa Ouaou,936669,1,,,,Crazy Woman / Mean Girl / Milk Lady / Little Boy (voice),,,,,,,16,minor,,,
Puss in Boots,2011,2011,Animation|Family|Fantasy|Adventure|Comedy,417859,movie,Jessica Schulte,936672,1,,,,Estella Maria (voice),,,,,,,17,minor,,,
Puss in Boots,2011,2011,Animation|Family|Fantasy|Adventure|Comedy,417859,movie,Bob Persichetti,936670,2,,,,Ohhh Cat (voice),,,,,,,18,minor,,,
Puss in Boots,2011,2011,Animation|Family|Fantasy|Adventure|Comedy,417859,movie,Nina Barry,936674,1,,,,Ivana / Charo (voice),,,,,,,19,minor,,,
Coco,2017,2017,Family|Animation|Music|Adventure,354912,movie,Anthony Gonzalez,1193391,2,,,,Miguel Rivera (voice),,,,,,,1,lead,,,
Coco,2017,2017,Family|Animation|Music|Adventure,354912,movie,Gael García Bernal,258,2,,,,Héctor (voice),,,,,,,2,lead,,,
Coco,2017,2017,Family|Animation|Music|Adventure,354912,movie,Benjamin Bratt,4589,2,,,,Ernesto de la Cruz (voice),,,,,,,3,lead,,,
Coco,2017,2017,Family|Animation|Music|Adventure,354912,movie,Alanna Ubach,10402,1,,,,Mamá Imelda (voice),,,,,,,4,supporting,,,
Coco,2017,2017,Family|Animation|Music|Adventure,354912,movie,Renée Victor,154004,1,,,,Abuelita (voice),,,,,,,5,supporting,,,
Coco,2017,2017,Family|Animation|Music|Adventure,354912,movie,Jaime Camil,545087,2,,,,Papá (voice),,,,,,,6,supporting,,,
Coco,2017,2017,Family|Animation|Music|Adventure,354912,movie,Alfonso Arau,22767,2,,,,Papá Julio (voice),,,,,,,7,supporting,,,
Coco,2017,2017,Family|Animation|Music|Adventure,354912,movie,Herbert Siguenza,178667,2,,,,Tío Oscar / Tío Felipe (voice),,,,,,,8,supporting,,,
Coco,2017,2017,Family|Animation|Music|Adventure,354912,movie,Gabriel Iglesias,86498,2,,,,Clerk (voice),,,,,,,9,supporting,,,
Coco,2017,2017,Family|Animation|Music|Adventure,354912,movie,Lombardo Boyar,4992,2,,,,Plaza Mariachi / Gustavo (voice),,,,,,,10,supporting,,,
Coco,2017,2017,Family|Animation|Music|Adventure,354912,movie,Ana Ofelia Murguía,1043869,1,,,,Mamá Coco (voice),,,,,,,11,minor,,,
Coco,2017,2017,Family|Animation|Music|Adventure,354912,movie,Natalia Cordova-Buckley,1693947,1,,,,Frida Kahlo (voice),,,,,,,12,minor,,,
Coco,2017,2017,Family|Animation|Music|Adventure,354912,movie,Sofía Espinosa,1007527,1,,,,Mamá (voice),,,,,,,13,minor,,,
Coco,2017,2017,Family|Animation|Music|Adventure,354912,movie,Selene Luna,48161,1,,,,Tía Rosita (voice),,,,,,,14,minor,,,
Coco,2017,2017,Family|Animation|Music|Adventure,354912,movie,Edward James Olmos,587,2,,,,Chicharrón (voice),,,,,,,15,minor,,,
Coco,2017,2017,Family|Animation|Music|Adventure,354912,movie,Carla Medina,1938082,1,,,,Departures Agent / Additional Voices (voice),,,,,,,16,minor,,,
Coco,2017,2017,Family|Animation|Music|Adventure,354912,movie,Dyana Ortelli,104382,1,,,,Tía Victoria / Additional Voices (voice),,,,,,,17,minor,,,
Coco,2017,2017,Family|Animation|Music|Adventure,354912,movie,Luis Valdez,82219,2,,,,Tío Berto / Don Hidalgo (voice),,,,,,,18,minor,,,
Coco,2017,2017,Family|Animation|Music|Adventure,354912,movie,Blanca Araceli,1830409,1,,,,Emcee (voice),,,,,,,19,minor,,,
Coco,2017,2017,Family|Animation|Music|Adventure,354912,movie,Salvador Reyes,1496949,2,,,,Security Guard (voice),,,,,,,20,minor,,,
La Haine,1995,1995,Drama,406,movie,Vincent Cassel,1925,2,,,,Vinz,,,,,,,1,lead,,,
La Haine,1995,1995,Drama,406,movie,Hubert Koundé,5418,2,,,,Hubert,,,,,,,2,lead,,,
La Haine,1995,1995,Drama,406,movie,Saïd Taghmaoui,5419,2,,,,Saïd,,,,,,,3,lead,,,
La Haine,1995,1995,Drama,406,movie,Abdel Ahmed Ghili,5420,2,,,,Abdel,,,,,,,4,supporting,,,
La Haine,1995,1995,Drama,406,movie,Solo,5422,2,,,,Santo,,,,,,,5,supporting,,,
La Haine,1995,1995,Drama,406,movie,Joseph Momo,5423,2,,,,Ordinary Man,,,,,,,6,supporting,,,
La Haine,1995,1995,Drama,406,movie,Héloïse Rauth,5424,1,,,,Sarah,,,,,,,7,supporting,,,
La Haine,1995,1995,Drama,406,movie,Rywka Wajsbrot,1347614,1,,,,Vinz's Grandmother,,,,,,,8,supporting,,,
La Haine,1995,1995,Drama,406,movie,Olga Abrego,1347615,1,,,,Vinz's Aunt,,,,,,,9,supporting,,,
La Haine,1995,1995,Drama,406,movie,Laurent Labasse,579488,2,,,,Cook,,,,,,,10,supporting,,,
La Haine,1995,1995,Drama,406,movie,Choukri Gabteni,64546,2,,,,Saïd's Brother,,,,,,,11,minor,,,
La Haine,1995,1995,Drama,406,movie,Nabil Ben Mhamed,2623427,2,,,,Joking Boy,,,,,,,12,minor,,,
La Haine,1995,1995,Drama,406,movie,Benoît Magimel,5442,2,,,,Benoît,,,,,,,13,minor,,,
La Haine,1995,1995,Drama,406,movie,Médard Niang,2623429,2,,,,Médard,,,,,,,14,minor,,,
La Haine,1995,1995,Drama,406,movie,Arash Mansour,2623400,2,,,,Arash,,,,,,,15,minor,,,
La Haine,1995,1995,Drama,406,movie,Abdel-Moulah Boujdouni,2623430,2,,,,Young Businessman,,,,,,,16,minor,,,
La Haine,1995,1995,Drama,406,movie,Mathilde Vitry,961888,1,,,,Journalist,,,,,,,17,minor,,,
La Haine,1995,1995,Drama,406,movie,Christian Moro,572508,2,,,,CRS TV Journalist,,,,,,,18,minor,,,
La Haine,1995,1995,Drama,406,movie,Édouard Montoute,5441,2,,,,Darty,,,,,,,19,minor,,,
La Haine,1995,1995,Drama,406,movie,JiBi,2399927,2,,,,Roundabout Man,,,,,,,20,minor,,,
Oppenheimer,2023,2023,Drama|History,872585,movie,Cillian Murphy,2037,2,,,,J. Robert Oppenheimer,,,,,,,1,lead,,,
Oppenheimer,2023,2023,Drama|History,872585,movie,Emily Blunt,5081,1,,,,Kitty Oppenheimer,,,,,,,2,lead,,,
Oppenheimer,2023,2023,Drama|History,872585,movie,Matt Damon,1892,2,,,,Leslie Groves,,,,,,,3,lead,,,
Oppenheimer,2023,2023,Drama|History,872585,movie,Robert Downey Jr.,3223,2,,,,Lewis Strauss,,,,,,,4,supporting,,,
Oppenheimer,2023,2023,Drama|History,872585,movie,Florence Pugh,1373737,1,,,,Jean Tatlock,,,,,,,5,supporting,,,
Oppenheimer,2023,2023,Drama|History,872585,movie,Josh Hartnett,2299,2,,,,Ernest Lawrence,,,,,,,6,supporting,,,
Oppenheimer,2023,2023,Drama|History,872585,movie,Casey Affleck,1893,2,,,,Boris Pash,,,,,,,7,supporting,,,
Oppenheimer,2023,2023,Drama|History,872585,movie,Rami Malek,17838,2,,,,David Hill,,,,,,,8,supporting,,,
Oppenheimer,2023,2023,Drama|History,872585,movie,Kenneth Branagh,11181,2,,,,Niels Bohr,,,,,,,9,supporting,,,
Oppenheimer,2023,2023,Drama|History,872585,movie,Benny Safdie,227564,2,,,,Edward Teller,,,,,,,10,supporting,,,
Oppenheimer,2023,2023,Drama|History,872585,movie,Jason Clarke,76512,2,,,,Roger Robb,,,,,,,11,minor,,,
Oppenheimer,2023,2023,Drama|History,872585,movie,Dylan Arnold,1039523,2,,,,Frank Oppenheimer,,,,,,,12,minor,,,
Oppenheimer,2023,2023,Drama|History,872585,movie,Tom Conti,71010,2,,,,Albert Einstein,,,,,,,13,minor,,,
Oppenheimer,2023,2023,Drama|History,872585,movie,James D'Arcy,19655,2,,,,Patrick Blackett,,,,,,,14,minor,,,
Oppenheimer,2023,2023,Drama|History,872585,movie,David Dastmalchian,83854,2,,,,William Borden,,,,,,,15,minor,,,
Oppenheimer,2023,2023,Drama|History,872585,movie,Dane DeHaan,122889,2,,,,Kenneth Nichols,,,,,,,16,minor,,,
Oppenheimer,2023,2023,Drama|History,872585,movie,Alden Ehrenreich,71375,2,,,,Senate Aide,,,,,,,17,minor,,,
Oppenheimer,2023,2023,Drama|History,872585,movie,Tony Goldwyn,3417,2,,,,Gordon Gray,,,,,,,18,minor,,,
Oppenheimer,2023,2023,Drama|History,872585,movie,Jefferson Hall,109322,2,,,,Haakon Chevalier,,,,,,,19,minor,,,
Oppenheimer,2023,2023,Drama|History,872585,movie,David Krumholtz,38582,2,,,,Isidor Rabi,,,,,,,20,minor,,,
The Grand Budapest Hotel,2014,2014,Comedy|Drama,120467,movie,Ralph Fiennes,5469,2,,,,M. Gustave,,,,,,,1,lead,,,
The Grand Budapest Hotel,2014,2014,Comedy|Drama,120467,movie,F. Murray Abraham,1164,2,,,,Mr. Moustafa,,,,,,,2,lead,,,
The Grand Budapest Hotel,2014,2014,Comedy|Drama,120467,movie,Mathieu Amalric,8789,2,,,,Serge X.,,,,,,,3,lead,,,
The Grand Budapest Hotel,2014,2014,Comedy|Drama,120467,movie,Adrien Brody,3490,2,,,,Dmitri,,,,,,,4,supporting,,,
The Grand Budapest Hotel,2014,2014,Comedy|Drama,120467,movie,Willem Dafoe,5293,2,,,,Jopling,,,,,,,5,supporting,,,
The Grand Budapest Hotel,2014,2014,Comedy|Drama,120467,movie,Jeff Goldblum,4785,2,,,,Deputy Kovacs,,,,,,,6,supporting,,,
The Grand Budapest Hotel,2014,2014,Comedy|Drama,120467,movie,Harvey Keitel,1037,2,,,,Ludwig,,,,,,,7,supporting,,,
The Grand Budapest Hotel,2014,2014,Comedy|Drama,120467,movie,Jude Law,9642,2,,,,Young Author,,,,,,,8,supporting,,,
The Grand Budapest Hotel,2014,2014,Comedy|Drama,120467,movie,Bill Murray,1532,2,,,,M. Ivan,,,,,,,9,supporting,,,
The Grand Budapest Hotel,2014,2014,Comedy|Drama,120467,movie,Edward Norton,819,2,,,,Henckels,,,,,,,10,supporting,,,
The Grand Budapest Hotel,2014,2014,Comedy|Drama,120467,movie,Saoirse Ronan,36592,1,,,,Agatha,,,,,,,11,minor,,,
The Grand Budapest Hotel,2014,2014,Comedy|Drama,120467,movie,Jason Schwartzman,17881,2,,,,M. Jean,,,,,,,12,minor,,,
The Grand Budapest Hotel,2014,2014,Comedy|Drama,120467,movie,Léa Seydoux,121529,1,,,,Clotilde,,,,,,,13,minor,,,
The Grand Budapest Hotel,2014,2014,Comedy|Drama,120467,movie,Tilda Swinton,3063,1,,,,Madame D.,,,,,,,14,minor,,,
The Grand Budapest Hotel,2014,2014,Comedy|Drama,120467,movie,Tom Wilkinson,207,2,,,,Author,,,,,,,15,minor,,,
The Grand Budapest Hotel,2014,2014,Comedy|Drama,120467,movie,Owen Wilson,887,2,,,,M. Chuck,,,,,,,16,minor,,,
The Grand Budapest Hotel,2014,2014,Comedy|Drama,120467,movie,Tony Revolori,1291350,2,,,,Zero,,,,,,,17,minor,,,
The Grand Budapest Hotel,2014,2014,Comedy|Drama,120467,movie,Larry Pine,19511,2,,,,Mr. Mosher,,,,,,,18,minor,,,
The Grand Budapest Hotel,2014,2014,Comedy|Drama,120467,movie,Giselda Volodi,76340,1,,,,Serge's Sister,,,,,,,19,minor,,,
The Grand Budapest Hotel,2014,2014,Comedy|Drama,120467,movie,Florian Lukas,4795,2,,,,Pinky,,,,,,,20,minor,,,
The Wolf of Wall Street,2013,2013,Crime|Drama|Comedy,106646,movie,Leonardo DiCaprio,6193,2,,,,Jordan Belfort,,,,,,,1,lead,,,
The Wolf of Wall Street,2013,2013,Crime|Drama|Comedy,106646,movie,Jonah Hill,21007,2,,,,Donnie Azoff,,,,,,,2,lead,,,
The Wolf of Wall Street,2013,2013,Crime|Drama|Comedy,106646,movie,Margot Robbie,234352,1,,,,Naomi Lapaglia,,,,,,,3,lead,,,
The Wolf of Wall Street,2013,2013,Crime|Drama|Comedy,106646,movie,Matthew McConaughey,10297,2,,,,Mark Hanna,,,,,,,4,supporting,,,
The Wolf of Wall Street,2013,2013,Crime|Drama|Comedy,106646,movie,Kyle Chandler,3497,2,,,,Agent Patrick Denham,,,,,,,5,supporting,,,
The Wolf of Wall Street,2013,2013,Crime|Drama|Comedy,106646,movie,Rob Reiner,3026,2,,,,Max Belfort,,,,,,,6,supporting,,,
The Wolf of Wall Street,2013,2013,Crime|Drama|Comedy,106646,movie,Jon Bernthal,19498,2,,,,Brad,,,,,,,7,supporting,,,
The Wolf of Wall Street,2013,2013,Crime|Drama|Comedy,106646,movie,Jon Favreau,15277,2,,,,Manny Riskin,,,,,,,8,supporting,,,
The Wolf of Wall Street,2013,2013,Crime|Drama|Comedy,106646,movie,Jean Dujardin,56024,2,,,,Jean Jacques Saurel,,,,,,,9,supporting,,,
The Wolf of Wall Street,2013,2013,Crime|Drama|Comedy,106646,movie,Joanna Lumley,34901,1,,,,Aunt Emma,,,,,,,10,supporting,,,
The Wolf of Wall Street,2013,2013,Crime|Drama|Comedy,106646,movie,Cristin Milioti,204392,1,,,,Teresa Petrillo,,,,,,,11,minor,,,
The Wolf of Wall Street,2013,2013,Crime|Drama|Comedy,106646,movie,Christine Ebersole,4003,1,,,,Leah Belfort,,,,,,,12,minor,,,
The Wolf of Wall Street,2013,2013,Crime|Drama|Comedy,106646,movie,Shea Whigham,74242,2,,,,Captain Ted Beecham,,,,,,,13,minor,,,
The Wolf of Wall Street,2013,2013,Crime|Drama|Comedy,106646,movie,Katarina Čas,549981,1,,,,Chantalle,,,,,,,14,minor,,,
The Wolf of Wall Street,2013,2013,Crime|Drama|Comedy,106646,movie,P.J. Byrne,1211946,2,,,,Nicky Koskoff ('Rugrat'),,,,,,,15,minor,,,
The Wolf of Wall Street,2013,2013,Crime|Drama|Comedy,106646,movie,Kenneth Choi,41561,2,,,,Chester Ming,,,,,,,16,minor,,,
The Wolf of Wall Street,2013,2013,Crime|Drama|Comedy,106646,movie,Brian Sacca,1332746,2,,,,Robbie Feinberg ('Pinhead'),,,,,,,17,minor,,,
The Wolf of Wall Street,2013,2013,Crime|Drama|Comedy,106646,movie,Henry Zebrowski,1332747,2,,,,Alden Kupferberg ('Sea Otter'),,,,,,,18,minor,,,
The Wolf of Wall Street,2013,2013,Crime|Drama|Comedy,106646,movie,Ethan Suplee,824,2,,,,Toby Welch,,,,,,,19,minor,,,
The Wolf of Wall Street,2013,2013,Crime|Drama|Comedy,106646,movie,Barry Rothbart,1633868,2,,,,Peter DeBlasio,,,,,,,20,minor,,,
Jojo Rabbit,2019,2019,Comedy|War|Drama,515001,movie,Roman Griffin Davis,2054851,2,,,,Jojo,,,,,,,1,lead,,,
Jojo Rabbit,2019,2019,Comedy|War|Drama,515001,movie,Thomasin McKenzie,1356758,1,,,,Elsa,,,,,,,2,lead,,,
Jojo Rabbit,2019,2019,Comedy|War|Drama,515001,movie,Scarlett Johansson,1245,1,,,,Rosie,,,,,,,3,lead,,,
Jojo Rabbit,2019,2019,Comedy|War|Drama,515001,movie,Taika Waititi,55934,2,,,,Adolf,,,,,,,4,supporting,,,
Jojo Rabbit,2019,2019,Comedy|War|Drama,515001,movie,Sam Rockwell,6807,2,,,,Captain Klenzendorf,,,,,,,5,supporting,,,
Jojo Rabbit,2019,2019,Comedy|War|Drama,515001,movie,Rebel Wilson,221581,1,,,,Fraulein Rahm,,,,,,,6,supporting,,,
Jojo Rabbit,2019,2019,Comedy|War|Drama,515001,movie,Alfie Allen,71586,2,,,,Finkel,,,,,,,7,supporting,,,
Jojo Rabbit,2019,2019,Comedy|War|Drama,515001,movie,Stephen Merchant,39189,2,,,,Deertz,,,,,,,8,supporting,,,
Jojo Rabbit,2019,2019,Comedy|War|Drama,515001,movie,Archie Yates,2089892,2,,,,Yorki,,,,,,,9,supporting,,,
Jojo Rabbit,2019,2019,Comedy|War|Drama,515001,movie,Luke Brandon Field,59096,2,,,,Christoph,,,,,,,10,supporting,,,
Jojo Rabbit,2019,2019,Comedy|War|Drama,515001,movie,Sam Haygarth,2550505,2,,,,Hans,,,,,,,11,minor,,,
Jojo Rabbit,2019,2019,Comedy|War|Drama,515001,movie,Stanislav Callas,2130205,2,,,,Russian Soldier,,,,,,,12,minor,,,
Jojo Rabbit,2019,2019,Comedy|War|Drama,515001,movie,Joe Weintraub,1759586,2,,,,Herr Junker,,,,,,,13,minor,,,
Jojo Rabbit,2019,2019,Comedy|War|Drama,515001,movie,Brian Caspe,25730,2,,,,Herr Mueller,,,,,,,14,minor,,,
Jojo Rabbit,2019,2019,Comedy|War|Drama,515001,movie,Gabriel Andrews,1302199,2,,,,Herr Klum,,,,,,,15,minor,,,
Jojo Rabbit,2019,2019,Comedy|War|Drama,515001,movie,Billy Rayner,2550504,2,,,,Herr Frosch,,,,,,,16,minor,,,
Jojo Rabbit,2019,2019,Comedy|War|Drama,515001,movie,Christian Howlings,2550503,2,,,,Bazooka Boy,,,,,,,17,minor,,,
Jojo Rabbit,2019,2019,Comedy|War|Drama,515001,movie,Gilby Griffin Davis,2630081,2,,,,Clone,,,,,,,18,minor,,,
Jojo Rabbit,2019,2019,Comedy|War|Drama,515001,movie,Hardy Griffin Davis,2550502,2,,,,Clone,,,,,,,19,minor,,,
Jojo Rabbit,2019,2019,Comedy|War|Drama,515001,movie,Curtis Matthew,25732,2,,,,Doctor,,,,,,,20,minor,,,
Kill Bill: Vol. 1,2003,2003,Action|Crime,24,movie,Uma Thurman,139,1,,,,The Bride,,,,,,,1,lead,,,
Kill Bill: Vol. 1,2003,2003,Action|Crime,24,movie,Lucy Liu,140,1,,,,O-Ren Ishii,,,,,,,2,lead,,,
Kill Bill: Vol. 1,2003,2003,Action|Crime,24,movie,Vivica A. Fox,2535,1,,,,Vernita Green,,,,,,,3,lead,,,
Kill Bill: Vol. 1,2003,2003,Action|Crime,24,movie,Daryl Hannah,589,1,,,,Elle Driver,,,,,,,4,supporting,,,
Kill Bill: Vol. 1,2003,2003,Action|Crime,24,movie,David Carradine,141,2,,,,Bill,,,,,,,5,supporting,,,
Kill Bill: Vol. 1,2003,2003,Action|Crime,24,movie,Michael Madsen,147,2,,,,Budd,,,,,,,6,supporting,,,
Kill Bill: Vol. 1,2003,2003,Action|Crime,24,movie,Julie Dreyfus,2539,1,,,,Sofie Fatale,,,,,,,7,supporting,,,
Kill Bill: Vol. 1,2003,2003,Action|Crime,24,movie,Chiaki Kuriyama,2538,1,,,,Gogo Yubari,,,,,,,8,supporting,,,
Kill Bill: Vol. 1,2003,2003,Action|Crime,24,movie,Sonny Chiba,2537,2,,,,Hattori Hanzo,,,,,,,9,supporting,,,
Kill Bill: Vol. 1,2003,2003,Action|Crime,24,movie,Gordon Liu Chia-Hui,240171,2,,,,Johnny Mo,,,,,,,10,supporting,,,
Kill Bill: Vol. 1,2003,2003,Action|Crime,24,movie,Michael Parks,2536,2,,,,Earl McGraw,,,,,,,11,minor,,,
Kill Bill: Vol. 1,2003,2003,Action|Crime,24,movie,Michael Bowen,2234,2,,,,Buck,,,,,,,12,minor,,,
Kill Bill: Vol. 1,2003,2003,Action|Crime,24,movie,Jun Kunimura,2541,2,,,,Boss Tanaka,,,,,,,13,minor,,,
Kill Bill: Vol. 1,2003,2003,Action|Crime,24,movie,Kenji Ohba,138435,2,,,,Bald Guy (Sushi Shop),,,,,,,14,minor,,,
Kill Bill: Vol. 1,2003,2003,Action|Crime,24,movie,Yuki Kazamatsuri,545394,1,,,,Proprietor,,,,,,,15,minor,,,
Kill Bill: Vol. 1,2003,2003,Action|Crime,24,movie,James Parks,87312,2,,,,Edgar McGraw,,,,,,,16,minor,,,
Kill Bill: Vol. 1,2003,2003,Action|Crime,24,movie,Sakichi Sato,58616,2,,,,Charlie Brown,,,,,,,17,minor,,,
Kill Bill: Vol. 1,2003,2003,Action|Crime,24,movie,Jonathan Loughran,58477,2,,,,Trucker,,,,,,,18,minor,,,
Kill Bill: Vol. 1,2003,2003,Action|Crime,24,movie,Yoshiyuki Morishita,79458,2,,,,Tokyo Business Man,,,,,,,19,minor,,,
Kill Bill: Vol. 1,2003,2003,Action|Crime,24,movie,Tetsuro Shimaguchi,1594799,2,,,,Crazy 88 #1 (Miki),,,,,,,20,minor,,,
Inside Out,2015,2015,Animation|Family|Adventure|Drama|Comedy,150540,movie,Amy Poehler,56322,1,,,,Joy (voice),,,,,,,1,lead,,,
Inside Out,2015,2015,Animation|Family|Adventure|Drama|Comedy,150540,movie,Phyllis Smith,169200,1,,,,Sadness (voice),,,,,,,2,lead,,,
Inside Out,2015,2015,Animation|Family|Adventure|Drama|Comedy,150540,movie,Richard Kind,21125,2,,,,Bing Bong (voice),,,,,,,3,lead,,,
Inside Out,2015,2015,Animation|Family|Adventure|Drama|Comedy,150540,movie,Bill Hader,19278,2,,,,Fear (voice),,,,,,,4,supporting,,,
Inside Out,2015,2015,Animation|Family|Adventure|Drama|Comedy,150540,movie,Lewis Black,59258,2,,,,Anger (voice),,,,,,,5,supporting,,,
Inside Out,2015,2015,Animation|Family|Adventure|Drama|Comedy,150540,movie,Mindy Kaling,125167,1,,,,Disgust (voice),,,,,,,6,supporting,,,
Inside Out,2015,2015,Animation|Family|Adventure|Drama|Comedy,150540,movie,Kaitlyn Dias,1371894,1,,,,Riley (voice),,,,,,,7,supporting,,,
Inside Out,2015,2015,Animation|Family|Adventure|Drama|Comedy,150540,movie,Diane Lane,2882,1,,,,Mom (voice),,,,,,,8,supporting,,,
Inside Out,2015,2015,Animation|Family|Adventure|Drama|Comedy,150540,movie,Kyle MacLachlan,6677,2,,,,Dad (voice),,,,,,,9,supporting,,,
Inside Out,2015,2015,Animation|Family|Adventure|Drama|Comedy,150540,movie,Paula Poundstone,196502,1,,,,Forgetter Paula (voice),,,,,,,10,supporting,,,
Inside Out,2015,2015,Animation|Family|Adventure|Drama|Comedy,150540,movie,Bobby Moynihan,452205,2,,,,Forgetter Bobby (voice),,,,,,,11,minor,,,
Inside Out,2015,2015,Animation|Family|Adventure|Drama|Comedy,150540,movie,Paula Pell,1226294,1,,,,Dream Director / Mom's Anger (voice),,,,,,,12,minor,,,
Inside Out,2015,2015,Animation|Family|Adventure|Drama|Comedy,150540,movie,Dave Goelz,64181,2,,,,Subconscious Guard Frank (voice),,,,,,,13,minor,,,
Inside Out,2015,2015,Animation|Family|Adventure|Drama|Comedy,150540,movie,Frank Oz,7908,2,,,,Subconscious Guard Dave (voice),,,,,,,14,minor,,,
Inside Out,2015,2015,Animation|Family|Adventure|Drama|Comedy,150540,movie,Josh Cooley,84496,2,,,,Jangles (voice),,,,,,,15,minor,,,
Inside Out,2015,2015,Animation|Family|Adventure|Drama|Comedy,150540,movie,Flea,1237,2,,,,Mind Worker Cop Jake (voice),,,,,,,16,minor,,,
Inside Out,2015,2015,Animation|Family|Adventure|Drama|Comedy,150540,movie,John Ratzenberger,7907,2,,,,Fritz (voice),,,,,,,17,minor,,,
Inside Out,2015,2015,Animation|Family|Adventure|Drama|Comedy,150540,movie,Carlos Alazraqui,59784,2,,,,Helicopter Pilot (voice),,,,,,,18,minor,,,
Inside Out,2015,2015,Animation|Family|Adventure|Drama|Comedy,150540,movie,Peter Sagal,1531657,2,,,,Clown's Joy (voice),,,,,,,19,minor,,,
Inside Out,2015,2015,Animation|Family|Adventure|Drama|Comedy,150540,movie,Rashida Jones,80591,1,,,,Cool Girl's Emotions (voice),,,,,,,20,minor,,,
GOAT,2026,2026,Animation|Comedy|Family,1297842,movie,Caleb McLaughlin,1474123,2,,,,Will Harris (voice),,,,,,,1,lead,,,
GOAT,2026,2026,Animation|Comedy|Family,1297842,movie,Gabrielle Union,17773,1,,,,Jett Fillmore (voice),,,,,,,2,lead,,,
GOAT,2026,2026,Animation|Comedy|Family,1297842,movie,Stephen Curry,1718307,2,,,,Lenny Williamson (voice),,,,,,,3,lead,,,
GOAT,2026,2026,Animation|Comedy|Family,1297842,movie,Aaron Pierre,1763709,2,,,,Mane Attraction (voice),,,,,,,4,supporting,,,
GOAT,2026,2026,Animation|Comedy|Family,1297842,movie,Nicola Coughlan,1267240,1,,,,Olivia Burke (voice),,,,,,,5,supporting,,,
GOAT,2026,2026,Animation|Comedy|Family,1297842,movie,David Harbour,35029,2,,,,Archie Everhardt (voice),,,,,,,6,supporting,,,
GOAT,2026,2026,Animation|Comedy|Family,1297842,movie,Nick Kroll,208519,2,,,,Modo Olachenko (voice),,,,,,,7,supporting,,,
GOAT,2026,2026,Animation|Comedy|Family,1297842,movie,Jenifer Lewis,15899,1,,,,Flo Everson (voice),,,,,,,8,supporting,,,
GOAT,2026,2026,Animation|Comedy|Family,1297842,movie,Patton Oswalt,10872,2,,,,Dennis Cooper (voice),,,,,,,9,supporting,,,
GOAT,2026,2026,Animation|Comedy|Family,1297842,movie,Jelly Roll,2974019,2,,,,Grizz (voice),,,,,,,10,supporting,,,
GOAT,2026,2026,Animation|Comedy|Family,1297842,movie,Jennifer Hudson,15565,1,,,,Louise Harris (voice),,,,,,,11,minor,,,
GOAT,2026,2026,Animation|Comedy|Family,1297842,movie,Sherry Cola,2088734,1,,,,Hannah (voice),,,,,,,12,minor,,,
GOAT,2026,2026,Animation|Comedy|Family,1297842,movie,Eduardo Franco,1653235,2,,,,Daryl (voice),,,,,,,13,minor,,,
GOAT,2026,2026,Animation|Comedy|Family,1297842,movie,Andrew Santino,1181310,2,,,,Chuck (voice),,,,,,,14,minor,,,
GOAT,2026,2026,Animation|Comedy|Family,1297842,movie,Bobby Lee,198149,2,,,,Rusty (voice),,,,,,,15,minor,,,
GOAT,2026,2026,Animation|Comedy|Family,1297842,movie,Wayne Knight,4201,2,,,,Frank (voice),,,,,,,16,minor,,,
GOAT,2026,2026,Animation|Comedy|Family,1297842,movie,Ayesha Curry,2122137,1,,,,Carol the Whiskers Diner Manager (voice),,,,,,,17,minor,,,
GOAT,2026,2026,Animation|Comedy|Family,1297842,movie,Van Van,5303617,1,,,,Adi & Ari Everhardt (voice),,,,,,,18,minor,,,
GOAT,2026,2026,Animation|Comedy|Family,1297842,movie,Rayaan Kamal Khan,5127007,2,,,,Theo (voice),,,,,,,19,minor,,,
GOAT,2026,2026,Animation|Comedy|Family,1297842,movie,Adam Pally,115974,2,,,,Gerald (voice),,,,,,,20,minor,,,
Coraline,2009,2009,Animation|Family|Fantasy,14836,movie,Dakota Fanning,501,1,,,,Coraline Jones (voice),,,,,,,1,lead,,,
Coraline,2009,2009,Animation|Family|Fantasy,14836,movie,Teri Hatcher,10742,1,,,,Mel Jones / Other Mother (voice),,,,,,,2,lead,,,
Coraline,2009,2009,Animation|Family|Fantasy,14836,movie,Jennifer Saunders,12094,1,,,,Miss April Spink / Other Spink (voice),,,,,,,3,lead,,,
Coraline,2009,2009,Animation|Family|Fantasy,14836,movie,Dawn French,5539,1,,,,Miss Miriam Forcible / Other Forcible (voice),,,,,,,4,supporting,,,
Coraline,2009,2009,Animation|Family|Fantasy,14836,movie,Keith David,65827,2,,,,The Cat (voice),,,,,,,5,supporting,,,
Coraline,2009,2009,Animation|Family|Fantasy,14836,movie,John Hodgman,77344,2,,,,Charlie Jones / Other Father (voice),,,,,,,6,supporting,,,
Coraline,2009,2009,Animation|Family|Fantasy,14836,movie,Robert Bailey Jr.,55426,2,,,,Wyborne 'Wybie' Lovat (voice),,,,,,,7,supporting,,,
Coraline,2009,2009,Animation|Family|Fantasy,14836,movie,Ian McShane,6972,2,,,,Mr. Sergei Alexander Bobinsky / Other Bobinsky (voice),,,,,,,8,supporting,,,
Coraline,2009,2009,Animation|Family|Fantasy,14836,movie,Aankha Neal,2011351,0,,,,Sweet Ghost Girl (voice),,,,,,,9,supporting,,,
Coraline,2009,2009,Animation|Family|Fantasy,14836,movie,George Selick,2011353,0,,,,Ghost Boy (voice),,,,,,,10,supporting,,,
Coraline,2009,2009,Animation|Family|Fantasy,14836,movie,Hannah Kaiser,2011354,0,,,,Tall Ghost Girl (voice),,,,,,,11,minor,,,
Coraline,2009,2009,Animation|Family|Fantasy,14836,movie,Harry Selick,2011355,0,,,,Photo Friend (voice),,,,,,,12,minor,,,
Coraline,2009,2009,Animation|Family|Fantasy,14836,movie,Marina Budovsky,2011356,0,,,,Photo Friend (voice),,,,,,,13,minor,,,
Coraline,2009,2009,Animation|Family|Fantasy,14836,movie,Emerson Tenney,2011359,1,,,,Magic Dragonfly (voice),,,,,,,14,minor,,,
Coraline,2009,2009,Animation|Family|Fantasy,14836,movie,Jerome Ranft,7960,2,,,,Mover (voice),,,,,,,15,minor,,,
Coraline,2009,2009,Animation|Family|Fantasy,14836,movie,Christopher Murrie,983740,2,,,,Toy (voice),,,,,,,16,minor,,,
Coraline,2009,2009,Animation|Family|Fantasy,14836,movie,Jeremy Ryder,2011360,0,,,,Toy (voice),,,,,,,17,minor,,,
Coraline,2009,2009,Animation|Family|Fantasy,14836,movie,Carolyn Crawford,2011361,0,,,,Wybie's Grandmother (voice),,,,,,,18,minor,,,
Coraline,2009,2009,Animation|Family|Fantasy,14836,movie,Yona Prost,1485172,0,,,,Shakespeare Rascal (voice),,,,,,,19,minor,,,
Coraline,2009,2009,Animation|Family|Fantasy,14836,movie,John Linnell,93463,2,,,,Other Father (singing voice) (uncredited),,,,,,,20,minor,,,
How to Train Your Dragon,2025,2025,Fantasy|Family|Action|Adventure,1087192,movie,Mason Thames,2803710,2,,,,Hiccup,,,,,,,1,lead,,,
How to Train Your Dragon,2025,2025,Fantasy|Family|Action|Adventure,1087192,movie,Nico Parker,2064124,1,,,,Astrid,,,,,,,2,lead,,,
How to Train Your Dragon,2025,2025,Fantasy|Family|Action|Adventure,1087192,movie,Gerard Butler,17276,2,,,,Stoick,,,,,,,3,lead,,,
How to Train Your Dragon,2025,2025,Fantasy|Family|Action|Adventure,1087192,movie,Nick Frost,11109,2,,,,Gobber,,,,,,,4,supporting,,,
How to Train Your Dragon,2025,2025,Fantasy|Family|Action|Adventure,1087192,movie,Gabriel Howell,3792786,2,,,,Snotlout,,,,,,,5,supporting,,,
How to Train Your Dragon,2025,2025,Fantasy|Family|Action|Adventure,1087192,movie,Julian Dennison,1139349,2,,,,Fishlegs,,,,,,,6,supporting,,,
How to Train Your Dragon,2025,2025,Fantasy|Family|Action|Adventure,1087192,movie,Bronwyn James,1587577,1,,,,Ruffnut,,,,,,,7,supporting,,,
How to Train Your Dragon,2025,2025,Fantasy|Family|Action|Adventure,1087192,movie,Harry Trevaldwyn,2104260,2,,,,Tuffnut,,,,,,,8,supporting,,,
How to Train Your Dragon,2025,2025,Fantasy|Family|Action|Adventure,1087192,movie,Murray McArthur,1216581,2,,,,Hoark,,,,,,,9,supporting,,,
How to Train Your Dragon,2025,2025,Fantasy|Family|Action|Adventure,1087192,movie,Peter Serafinowicz,11115,2,,,,Spitelout,,,,,,,10,supporting,,,
How to Train Your Dragon,2025,2025,Fantasy|Family|Action|Adventure,1087192,movie,Naomi Wirthner,3399457,1,,,,Gothi,,,,,,,11,minor,,,
How to Train Your Dragon,2025,2025,Fantasy|Family|Action|Adventure,1087192,movie,Ruth Codd,3295331,1,,,,Phlegma,,,,,,,12,minor,,,
How to Train Your Dragon,2025,2025,Fantasy|Family|Action|Adventure,1087192,movie,Andrea Ware,1987916,1,,,,Burnheart,,,,,,,13,minor,,,
How to Train Your Dragon,2025,2025,Fantasy|Family|Action|Adventure,1087192,movie,Anna Leong Brophy,1593227,1,,,,Retcha,,,,,,,14,minor,,,
How to Train Your Dragon,2025,2025,Fantasy|Family|Action|Adventure,1087192,movie,Marcus Onilude,1919372,2,,,,Snorti,,,,,,,15,minor,,,
How to Train Your Dragon,2025,2025,Fantasy|Family|Action|Adventure,1087192,movie,Pete Selwood,5505971,2,,,,Drül,,,,,,,16,minor,,,
How to Train Your Dragon,2025,2025,Fantasy|Family|Action|Adventure,1087192,movie,Daniel-John Williams,2774982,0,,,,Fungi,,,,,,,17,minor,,,
How to Train Your Dragon,2025,2025,Fantasy|Family|Action|Adventure,1087192,movie,Kate Kennedy,2486590,1,,,,Flatula,,,,,,,18,minor,,,
How to Train Your Dragon,2025,2025,Fantasy|Family|Action|Adventure,1087192,movie,Selina Jones,5505972,0,,,,Loogi,,,,,,,19,minor,,,
How to Train Your Dragon,2025,2025,Fantasy|Family|Action|Adventure,1087192,movie,Nick Cornwall,1516140,2,,,,Hürl,,,,,,,20,minor,,,
Knives Out,2019,2019,Comedy|Crime|Mystery,546554,movie,Daniel Craig,8784,2,,,,Benoit Blanc,,,,,,,1,lead,,,
Knives Out,2019,2019,Comedy|Crime|Mystery,546554,movie,Chris Evans,16828,2,,,,Ransom Drysdale,,,,,,,2,lead,,,
Knives Out,2019,2019,Comedy|Crime|Mystery,546554,movie,Ana de Armas,224513,1,,,,Marta Cabrera,,,,,,,3,lead,,,
Knives Out,2019,2019,Comedy|Crime|Mystery,546554,movie,Jamie Lee Curtis,8944,1,,,,Linda Drysdale,,,,,,,4,supporting,,,
Knives Out,2019,2019,Comedy|Crime|Mystery,546554,movie,Michael Shannon,335,2,,,,Walt Thrombey,,,,,,,5,supporting,,,
Knives Out,2019,2019,Comedy|Crime|Mystery,546554,movie,Don Johnson,25129,2,,,,Richard Drysdale,,,,,,,6,supporting,,,
Knives Out,2019,2019,Comedy|Crime|Mystery,546554,movie,Toni Collette,3051,1,,,,Joni Thrombey,,,,,,,7,supporting,,,
Knives Out,2019,2019,Comedy|Crime|Mystery,546554,movie,LaKeith Stanfield,1200864,2,,,,Lieutenant Elliott,,,,,,,8,supporting,,,
Knives Out,2019,2019,Comedy|Crime|Mystery,546554,movie,Christopher Plummer,290,2,,,,Harlan Thrombey,,,,,,,9,supporting,,,
Knives Out,2019,2019,Comedy|Crime|Mystery,546554,movie,Katherine Langford,1636738,1,,,,Meg Thrombey,,,,,,,10,supporting,,,
Knives Out,2019,2019,Comedy|Crime|Mystery,546554,movie,Jaeden Martell,1274508,2,,,,Jacob Thrombey,,,,,,,11,minor,,,
Knives Out,2019,2019,Comedy|Crime|Mystery,546554,movie,Riki Lindhome,453,1,,,,Donna Thrombrey,,,,,,,12,minor,,,
Knives Out,2019,2019,Comedy|Crime|Mystery,546554,movie,Edi Patterson,205213,1,,,,Fran,,,,,,,13,minor,,,
Knives Out,2019,2019,Comedy|Crime|Mystery,546554,movie,Frank Oz,7908,2,,,,Alan Stevens,,,,,,,14,minor,,,
Knives Out,2019,2019,Comedy|Crime|Mystery,546554,movie,K Callan,41729,1,,,,Greatnana Wanetta,,,,,,,15,minor,,,
Knives Out,2019,2019,Comedy|Crime|Mystery,546554,movie,Noah Segan,48312,2,,,,Trooper Wagner,,,,,,,16,minor,,,
Knives Out,2019,2019,Comedy|Crime|Mystery,546554,movie,M. Emmet Walsh,588,2,,,,Mr. Proofroc,,,,,,,17,minor,,,
Knives Out,2019,2019,Comedy|Crime|Mystery,546554,movie,Marlene Forte,146004,1,,,,Marta's Mom,,,,,,,18,minor,,,
Knives Out,2019,2019,Comedy|Crime|Mystery,546554,movie,Raúl Castillo,557579,2,,,,Cop,,,,,,,19,minor,,,
Knives Out,2019,2019,Comedy|Crime|Mystery,546554,movie,Shyrley Rodriguez,1709452,1,,,,Alicia,,,,,,,20,minor,,,
